,neighborhood,lat,lng,Manhattan,competitors,rating,review_count,rent,unsupervised_score,price,half-mile_sub_count
0,0,40.76588675204545,-74.16551071363638,0,0.9803921568627451,0.0,0.0,0.8181878949292385,0.0638316531767824,1.0,0.0
1,1,40.66272194255813,-73.90803852755813,0,0.9803921568627451,0.0,0.0,0.8851746726562718,0.26276864372482733,1.0,0.09183673469387754
2,2,40.774801871056106,-73.95932495092408,1,0.9803921568627451,0.7666666666666667,0.3303353658536585,0.715101087952897,0.033941417619591456,0.24,0.22448979591836732
3,3,40.785103567926825,-73.79488061219513,0,0.9803921568627451,0.0,0.0,0.8910743720394361,0.04855517425912711,1.0,0.0
4,4,40.93600503586956,-74.06318512195652,0,1.0,0.0,0.0,0.7615309183537281,0.02410330441655765,1.0,0.0
5,5,40.76027057028168,-74.04253373816901,0,0.9411764705882353,0.0,0.0,0.7400535649008144,0.17483037466231782,1.0,0.0
6,6,40.724874282038094,-73.99524316428571,1,0.9607843137254902,0.8333333333333333,0.3774771341463415,0.6257865618009555,0.058374649291716436,0.09999999999999998,0.4387755102040816
7,7,40.83711551891566,-73.87977426120482,0,1.0,0.0,0.0,0.9005678920531812,0.02577989269189172,1.0,0.11224489795918366
8,8,40.63216650114583,-74.0075945825,0,0.8235294117647058,0.0,0.0,0.926696832011894,0.2403162514706653,1.0,0.030612244897959183
9,9,40.72765337246753,-73.72209062337663,0,0.9607843137254902,0.0,0.0,0.8712982089246166,0.21962384831296242,1.0,0.0
10,10,40.702777231111114,-73.81555086805554,0,0.9411764705882353,0.0,0.0,0.9132461225129247,0.07237431852045736,1.0,0.13265306122448978
11,11,40.83765876138889,-74.20586318666666,0,0.9803921568627451,0.0,0.0,0.8622034222848881,0.08913878358196435,1.0,0.0
12,12,40.64921731311111,-74.21450007466667,0,1.0,0.0,0.0,0.8351896170563207,0.024521929492111797,1.0,0.0
13,13,40.82126371859757,-73.9535712372561,1,0.9411764705882353,0.7936507936507937,0.030270034843205576,0.9236049460082045,0.026745755156792086,0.6,0.2040816326530612
14,14,40.92453783738095,-73.84901862154761,0,1.0,0.0,0.0,0.9426353234907204,0.01438703953093104,1.0,0.0
15,15,40.756320492183335,-73.98380735963333,1,0.9411764705882353,0.7654320987654321,0.33553523035230354,0.7459864282861478,0.034413025023834844,0.37777777777777777,0.9999999999999999
16,16,40.632423032903226,-74.10685676887097,0,1.0,0.0,0.0,0.9505199738545693,0.041088540283414916,1.0,0.0
17,17,40.667274801615385,-73.9845509565,0,0.9411764705882353,0.8444444444444443,0.13109756097560976,0.8356169094396051,0.08226878719472173,0.3599999999999999,0.17346938775510204
18,18,40.730864420384606,-73.85723361394231,0,0.9607843137254902,0.8888888888888888,0.2530487804878049,0.9370071544205961,0.05485586041696661,0.19999999999999996,0.11224489795918366
19,19,40.64610571255814,-73.77798756449613,0,1.0,0.0,0.0,0.9098299301965287,0.03907104233122509,1.0,0.0
20,20,40.8707177525,-74.09943096945652,0,1.0,0.0,0.0,0.8094591536546724,0.13408726822254335,1.0,0.0
21,21,40.584953012528736,-73.95388573862068,0,0.9803921568627451,0.0,0.0,0.9042595783939976,0.0582585552286545,1.0,0.02040816326530612
22,22,40.926425285,-73.996270665,0,1.0,0.0,0.0,0.8862719840316577,0.09083503696677246,1.0,0.0
23,23,40.69034185706587,-73.96444825119761,0,0.9411764705882353,0.7999999999999999,0.07926829268292683,0.8550549469678408,0.070189316574134,0.52,0.17346938775510204
24,24,40.74313346028369,-73.91977152858156,0,0.9411764705882353,0.7555555555555555,0.05365853658536586,0.8650321917208774,0.09253126520770887,0.6,0.14285714285714285
25,25,40.770174663333336,-74.25702134888887,0,1.0,0.0,0.0,0.9604505022020295,0.023460344251734367,1.0,0.0
26,26,40.70321436644172,-73.92537875294478,0,0.9215686274509804,1.0,0.012957317073170733,0.8787252581688408,0.08604181399571266,0.6,0.21428571428571427
27,27,40.862919382262774,-73.89734337912408,0,0.9607843137254902,0.0,0.0,0.9211471249828341,0.07189686378405082,1.0,0.21428571428571427
28,28,40.902484918,-74.20078054033334,0,0.9803921568627451,0.0,0.0,0.8424518831850802,0.056411635208236846,1.0,0.0
29,29,40.70619497599415,-74.01240029675441,1,0.9607843137254902,0.6888888888888889,0.12240853658536585,0.7776250199500884,0.03268704538793353,0.3999999999999999,0.8061224489795917
30,30,40.81053570318841,-74.11788738681159,0,1.0,0.0,0.0,0.8622034222848881,0.09550273700751878,1.0,0.0
31,31,40.74038520813449,-74.00512403388285,1,1.0,0.7333333333333333,0.2079268292682927,0.7833534804775892,0.07751759340920829,0.3599999999999999,0.4183673469387755
32,32,40.846425474833325,-74.00184173033335,0,0.9607843137254902,0.857142857142857,0.07970383275261325,0.866276742040489,0.07882392931735219,0.3142857142857143,0.0
33,33,40.78876242538462,-73.72873890641027,0,1.0,0.0,0.0,0.7041272825386862,0.11194015008459253,1.0,0.0
34,34,40.7254720906,-74.2263250786,0,1.0,0.0,0.0,0.9604505022020295,0.10369674187569815,1.0,0.0
35,35,40.59074312857143,-73.80989594984128,0,0.9803921568627451,0.0,0.0,0.9239879076946285,0.10899081893737647,1.0,0.04081632653061224
36,36,40.75242368822581,-73.84664367225807,0,1.0,0.0,0.0,0.9338520723449438,0.0,1.0,0.07142857142857142
37,37,40.84822589857143,-73.78764529166666,0,1.0,0.0,0.0,0.9247654359670651,0.050167958954938946,1.0,0.0
38,38,40.778031931401614,-73.98050073466307,1,0.9215686274509804,0.6666666666666666,0.2939024390243903,0.6280281534864006,0.06799169811969169,0.19999999999999996,0.19387755102040816
39,39,40.6324275258156,-73.94612974468085,0,0.9019607843137255,0.0,0.0,0.8446844257645572,0.1312144114410897,1.0,0.08163265306122448
40,40,40.72271758869748,-73.98169191936975,1,0.9607843137254902,0.8271604938271605,0.0926490514905149,0.5577229750787199,0.09040089261868223,0.42222222222222217,0.08163265306122448
41,41,40.66621343947369,-74.11212342671053,0,0.9607843137254902,0.0,0.0,0.9329817048757983,0.11927526649980844,1.0,0.0
42,42,40.71821330986957,-74.04170641547827,0,0.9607843137254902,0.7083333333333333,0.27458079268292684,0.7090535624140502,0.05214264143857341,0.29999999999999993,0.0
43,43,40.728026636612896,-74.15092631306452,0,0.9607843137254902,0.0,0.0,0.8817344682925127,0.14791859829613585,1.0,0.0
44,44,40.61631817698113,-73.98635180084905,0,0.9411764705882353,0.0,0.0,0.9209797208355264,0.14756828721476178,1.0,0.0510204081632653
45,45,40.9521337108,-74.0958220712,0,1.0,0.0,0.0,0.7778387035006171,0.06000033015048231,1.0,0.0
46,46,40.87736215740741,-74.04308362203705,0,0.9803921568627451,0.0,0.0,0.866276742040489,0.09906898124585513,1.0,0.0
47,47,40.74886667614601,-73.98527413599321,1,0.8235294117647058,0.7777777777777777,0.4311737804878049,0.5359318863998819,0.06987140981469718,0.29999999999999993,0.9693877551020408
48,48,40.68692357971429,-74.01649544485714,0,1.0,0.0,0.0,0.8678686917736066,0.0,1.0,0.0
49,49,40.738510164313716,-73.78451330019608,0,1.0,0.0,0.0,0.8824423671674176,0.006275252679432818,1.0,0.0
50,50,40.5852118259375,-74.091864395625,0,0.9803921568627451,0.0,0.0,0.9352440051802773,0.07426177570660566,1.0,0.04081632653061224
51,51,40.865997964514285,-73.92325055765714,1,0.9803921568627451,0.611111111111111,0.006097560975609756,0.7719637230838852,0.08259034040864627,0.8,0.22448979591836732
52,52,40.665303157529415,-73.73112105105882,0,0.9803921568627451,0.0,0.0,0.9075089502788074,0.1629860272060478,1.0,0.0
53,53,40.71311010581896,-73.95321178090519,0,0.9607843137254902,0.8148148148148148,0.15879065040650409,0.7380571601669577,0.041918131168486715,0.33333333333333326,0.24489795918367346
54,54,40.67605230642336,-73.87215261569344,0,0.9411764705882353,0.0,0.0,0.9236080350821956,1.0,1.0,0.1020408163265306
55,55,40.79942206295918,-74.01323508336735,0,1.0,0.0,0.0,0.821760347218595,0.16230350828292311,1.0,0.0
56,56,40.79517800197044,-73.96933872039409,1,0.9411764705882353,0.6888888888888889,0.19870426829268292,0.6512379526636133,0.047684269534560425,0.33999999999999997,0.1530612244897959
57,57,40.867775657333326,-73.8275141436,0,0.9803921568627451,0.0,0.0,0.9108395564607374,0.07092278284482113,1.0,0.0
58,58,40.8274004069863,-74.13997838506849,0,0.9803921568627451,0.0,0.0,0.8424518831850802,0.11477255857816676,1.0,0.0
59,59,40.93289116256409,-73.96335474346154,0,0.9803921568627451,0.0,0.0,0.8862719840316577,0.12823296480060387,1.0,0.0
60,60,40.67773410236842,-74.20797035052631,0,1.0,0.0,0.0,0.9604505022020295,0.12585386250787864,1.0,0.0
61,61,40.90978631705881,-73.78084167941176,0,0.9803921568627451,0.0,0.0,0.9416853795672531,0.02834568228653412,1.0,0.0
62,62,40.75282196031579,-73.97564023706767,1,0.8823529411764706,0.6752136752136751,0.2949108818011257,0.7549604054545487,0.055866031504165435,0.3538461538461538,0.520408163265306
63,63,40.812425182372884,-73.92919024118646,0,1.0,0.0,0.0,0.9319989780680072,0.115018087916236,1.0,0.14285714285714285
64,64,40.911208146034475,-73.90431241224137,0,1.0,0.0,0.0,0.9390742771598166,0.04653072474818033,1.0,0.0
65,65,40.80600930287879,-74.19606898515151,0,0.9803921568627451,0.0,0.0,0.8622034222848881,0.11536912155026353,1.0,0.0
66,66,40.61763451852941,-74.17302592617648,0,1.0,0.0,0.0,0.837135349774621,0.01836173577181292,1.0,0.0
67,67,40.62125793083333,-74.07493028611111,0,1.0,0.0,0.0,0.9177855593334205,0.039355211829529835,1.0,0.030612244897959183
68,68,40.76197153575472,-73.77072113113208,0,0.9607843137254902,0.0,0.0,0.8824423671674176,0.0778374865453468,1.0,0.0
69,69,40.773855897397254,-73.90942307253424,0,1.0,0.9166666666666666,0.053353658536585365,0.9296783744432662,0.11678866990595183,0.5,0.061224489795918366
70,70,40.71859745513513,-74.07249387,0,0.9803921568627451,0.0,0.0,0.7378337133937939,0.13910085458262497,1.0,0.0
71,71,40.91476837594937,-74.1707307413924,0,1.0,0.0,0.0,0.8094591536546724,0.033000677894519,1.0,0.0
72,72,40.77205067792593,-73.86963967088889,0,1.0,0.0,0.0,0.866160693044603,0.049659553138040394,1.0,0.0
73,73,40.66323019664122,-73.9462218865649,0,0.9803921568627451,0.0,0.0,0.6083346388845357,0.027405143337115977,1.0,0.08163265306122448
74,74,40.89670387742857,-73.97409485971428,0,1.0,0.0,0.0,0.8862719840316577,0.021416142997046923,1.0,0.0
75,75,40.742774499420854,-73.99123991158301,1,0.9803921568627451,0.7555555555555555,0.18506097560975612,0.6551796929763106,0.03568056090859818,0.19999999999999996,0.8673469387755102
76,76,40.902466486333324,-73.86948576666667,0,1.0,0.0,0.0,0.92688913259178,0.08905942574001316,1.0,0.0
77,77,40.91804618590061,-74.07703005434783,0,0.9803921568627451,0.0,0.0,0.8679014279828939,0.04213577063297687,1.0,0.0
78,78,40.80921095833333,-74.07160751820513,0,1.0,0.0,0.0,0.8424518831850802,0.0,1.0,0.0
79,79,40.577326990416665,-73.88633393583333,0,1.0,0.0,0.0,0.881049779216785,0.02771546269176194,1.0,0.0
80,80,40.74038253695653,-74.03112834666666,0,0.9607843137254902,0.7333333333333333,0.2173780487804878,0.6517949878438664,0.04076835005582777,0.44000000000000006,0.0
81,81,40.759015718476185,-73.99074157780953,1,0.9019607843137255,0.7301587301587301,0.5282012195121951,0.8544081769410417,0.03009234877021939,0.25714285714285723,0.7244897959183673
82,82,40.74160303885965,-73.90189535350878,0,0.9215686274509804,0.8253968253968251,0.0742595818815331,0.9582223614810171,0.12090052070216885,0.6,0.0510204081632653
83,83,40.739559394512185,-73.81766404231708,0,0.9019607843137255,0.0,0.0,0.9075089502788074,0.15178375371830663,1.0,0.0
84,84,40.683892845892856,-73.82580452375,0,1.0,0.0,0.0,0.9075089502788074,0.04996707269708183,1.0,0.08163265306122448
85,85,40.601087258355264,-73.99351213302631,0,0.8823529411764706,0.0,0.0,0.9176052129208949,0.08494296365848454,1.0,0.12244897959183673
86,86,40.88762824,-74.1504723764151,0,1.0,0.0,0.0,0.8094591536546724,0.0478743002702181,1.0,0.0
87,87,40.789529048515625,-73.94756894832031,1,0.9215686274509804,0.7288888888888888,0.032621951219512196,0.8581098614253537,0.09168586511530302,0.5519999999999999,0.14285714285714285
88,88,40.96687164309524,-74.06982654154761,0,1.0,0.0,0.0,0.7769113199806854,0.02047956217833497,1.0,0.0
89,89,40.779362756933324,-74.2329693104,0,0.9803921568627451,0.0,0.0,0.9532322546579164,0.567016671636578,1.0,0.0
90,90,40.71593395942363,-73.9972345625072,1,0.0,0.8079772079772081,0.3805190744215135,0.71585750969497,0.7924974788147682,0.49743589743589745,0.4183673469387755
91,91,40.85036736103447,-73.84941548275863,0,1.0,0.0,0.0,0.9108395564607374,0.0870737995926862,1.0,0.0
92,92,40.73047609140351,-73.69946323754388,0,1.0,0.0,0.0,0.8333367180957125,0.10107589041967795,1.0,0.0
93,93,40.708780772444456,-74.24928149733333,0,1.0,0.0,0.0,0.9604505022020295,0.1486545221360774,1.0,0.0
94,94,40.687222485084746,-73.77479850152542,0,0.9803921568627451,0.0,0.0,0.9075089502788074,0.1662360359383516,1.0,0.0
95,95,40.68046251813411,-73.97724643489796,0,0.9411764705882353,0.861111111111111,0.11166158536585366,0.7239748958293339,0.10493754416419036,0.5,0.29591836734693877
96,96,40.82530528955883,-73.82141186573529,0,0.9803921568627451,0.0,0.0,0.8965655299667515,0.0668556968618338,1.0,0.0
97,97,40.70080936171875,-73.94630635859373,0,0.9607843137254902,0.9444444444444444,0.09527439024390244,0.8205302278622033,0.1511798019811259,0.3999999999999999,0.16326530612244897
98,98,40.88056528288889,-74.06635352111111,0,1.0,0.0,0.0,0.8249632995050504,0.06673087949947523,1.0,0.0
99,99,40.81294843212121,-74.15808460257577,0,0.9803921568627451,0.0,0.0,0.8622034222848881,0.06023790005243664,1.0,0.0
100,100,40.610756924615394,-73.92082183102566,0,0.9803921568627451,0.0,0.0,0.9216669277769072,0.08153619370893454,1.0,0.0
101,101,40.764625586897814,-73.95754960010949,1,0.9215686274509804,0.7444444444444445,0.08323170731707318,0.7339796862235226,0.05944175907438826,0.52,0.19387755102040816
102,102,40.7098374177647,-73.86057082647059,0,0.9607843137254902,0.0,0.0,0.9307723105310444,0.049998490784508236,1.0,0.0
103,103,40.74473901326316,-73.95388532105264,0,1.0,0.6666666666666666,0.05182926829268293,0.7580378435775575,0.05544615112449549,0.6,0.2040816326530612
104,104,40.61991286967033,-74.0295000396154,0,0.9803921568627451,0.0,0.0,0.8502967953069781,0.06995115457122177,1.0,0.08163265306122448
105,105,40.720294344038464,-74.08786267346154,0,0.9803921568627451,0.0,0.0,0.7378337133937939,0.13458529447635567,1.0,0.0
106,106,40.64391162732285,-73.97402670496064,0,0.9803921568627451,0.0,0.0,0.851712593056788,0.09774284714433731,1.0,0.08163265306122448
107,107,40.828751065180725,-74.09806272698795,0,0.9803921568627451,0.0,0.0,0.8424518831850802,0.07557847587364165,1.0,0.0
108,108,40.884809547807016,-73.90496285175439,0,0.9803921568627451,0.0,0.0,0.8711856145664695,0.05850625856773054,1.0,0.09183673469387754
109,109,40.67990144109756,-73.91702634670732,0,0.9803921568627451,0.8888888888888888,0.009146341463414635,0.9634445662958899,0.2323377902298445,0.6,0.13265306122448978
110,110,40.762040470289115,-73.97650259562926,1,0.9215686274509804,0.7777777777777777,1.0,0.5586511625208146,0.06484637198162164,0.1428571428571428,0.9897959183673468
111,111,40.66975477711864,-73.80729099067797,0,1.0,0.0,0.0,0.9075089502788074,0.004701268029772219,1.0,0.0
112,112,40.85158579059524,-73.97256768702381,0,0.9607843137254902,0.8148148148148148,0.1778455284552846,0.866276742040489,0.053139303749418894,0.33333333333333326,0.0
113,113,40.85179916540881,-73.93288728188679,1,0.9803921568627451,0.7037037037037036,0.07977642276422765,0.866276742040489,0.027833566160113437,0.6,0.16326530612244897
114,114,40.822533933451325,-73.89224954522123,0,0.9215686274509804,0.0,0.0,0.9291213691597061,0.607309690392058,1.0,0.17346938775510204
115,115,40.946564020833335,-74.02623474708334,0,1.0,0.0,0.0,0.8862719840316577,0.054734412313091674,1.0,0.0
116,116,40.78993444077586,-74.05090679448277,0,1.0,0.0,0.0,0.8424518831850802,0.0356419610097344,1.0,0.0
117,117,40.90973443507463,-74.03245942253731,0,0.9607843137254902,0.0,0.0,0.8862719840316577,0.09248099995391465,1.0,0.0
118,118,40.753382066893934,-74.02619118439394,0,0.9607843137254902,0.7222222222222222,0.058689024390243906,0.8622034222848881,0.0686842974835778,0.3999999999999999,0.0
119,119,40.83220549636364,-73.9449798789091,1,0.9803921568627451,0.8148148148148148,0.03658536585365854,0.9161778102714964,0.09927337811324498,0.6,0.18367346938775508
120,120,40.70697555212766,-73.78872816882979,0,0.9803921568627451,0.0,0.0,0.9075089502788074,0.057473643771405375,1.0,0.19387755102040816
121,121,40.87141018421053,-74.17790277894737,0,1.0,0.0,0.0,0.8424518831850802,0.06971799282398823,1.0,0.0
122,122,40.78471122627451,-73.81359208529412,0,1.0,0.0,0.0,0.9000469998433335,0.03814677654089305,1.0,0.0
123,123,40.759664025423724,-73.92604773350283,0,0.9607843137254902,0.7333333333333333,0.07408536585365855,0.8608981824321336,0.044490096780398176,0.5599999999999999,0.1020408163265306
124,124,40.752720368695655,-73.72704003695652,0,1.0,0.0,0.0,0.9077410482705794,0.03286664576997785,1.0,0.0
125,125,40.68214988562092,-73.9473542486928,0,0.9607843137254902,0.0,0.0,0.8005117760718569,0.09081905655770314,1.0,0.1020408163265306
126,126,40.62713887043478,-74.14209064927536,0,1.0,0.0,0.0,0.9627159223792426,0.046803158741248276,1.0,0.0
127,127,40.900586791071426,-74.12232074142857,0,0.9803921568627451,0.0,0.0,0.8249632995050504,0.05638139005500605,1.0,0.0
128,128,40.69212523346939,-74.17876155244899,0,1.0,0.0,0.0,0.9604505022020295,0.0,1.0,0.0
129,129,40.8081856994,-73.94788787091998,1,1.0,0.7171717171717171,0.014550997782705096,0.881049779216785,0.01920232666018195,0.6,0.18367346938775508
130,130,40.824989956559136,-73.98156288741936,0,1.0,0.8518518518518519,0.14075203252032517,0.8829877974480822,0.033997795811619554,0.19999999999999996,0.0
131,131,40.63289663083333,-73.74314351916667,0,1.0,0.0,0.0,0.9098299301965287,0.011994172826558078,1.0,0.0
132,132,40.82979655305883,-73.91919989535296,0,0.9215686274509804,0.0,0.0,0.913433251518791,0.1140929272292218,1.0,0.26530612244897955
133,133,40.955679209333326,-73.928239168,0,1.0,0.0,0.0,0.9512594217278533,0.0,1.0,0.0
134,134,40.73559573207679,-73.99097674497379,1,0.9607843137254902,0.7407407407407406,0.5638973577235774,0.0,0.07737449377613258,0.3666666666666667,0.6326530612244897
135,135,40.97110372142857,-73.96332190357144,0,0.9607843137254902,0.0,0.0,0.7546249065725619,0.05723370321022701,1.0,0.0
136,136,40.847784585599996,-74.22864705239999,0,1.0,0.0,0.0,0.8622034222848881,0.08279876052369649,1.0,0.0
137,137,40.7004222843421,-73.99062257280701,0,0.9803921568627451,0.0,0.0,0.8376486893191831,0.41744607258640365,1.0,0.13265306122448978
138,138,40.7201611909375,-73.7644829228125,0,1.0,0.0,0.0,0.9075089502788074,0.42919894555019644,1.0,0.0
139,139,40.96489072657895,-73.86621113184209,0,1.0,0.0,0.0,0.9454480450877127,0.0673226293245642,1.0,0.0
140,140,40.74358152525,-74.256952533,0,1.0,0.0,0.0,0.9604505022020295,0.014356865157412729,1.0,0.0
141,141,40.85437474770272,-74.03650904175676,0,1.0,0.0,0.0,0.8244991035215061,0.025286405735963746,1.0,0.0
142,142,40.836934682666666,-73.70643452600001,0,1.0,0.0,0.0,0.6722312160194002,0.0037909655830713294,1.0,0.0
143,143,40.63726185165049,-73.99116944058251,0,0.9803921568627451,0.0,0.0,0.9369853952338675,0.04573306028772738,1.0,0.11224489795918366
144,144,40.733568764405604,-73.87118696755245,0,0.9411764705882353,0.8888888888888888,0.07621951219512195,0.9338520723449438,0.08508302268125802,0.6,0.09183673469387754
145,145,40.604755753157896,-73.95795951410527,0,0.9607843137254902,0.0,0.0,0.9042595783939976,0.08022067031821484,1.0,0.04081632653061224
146,146,40.70339928584906,-73.90310282830188,0,0.9803921568627451,0.8888888888888888,0.04237804878048781,0.8603930579490652,0.08730432266994262,0.6799999999999999,0.09183673469387754
147,147,40.72902759319728,-74.00676840880952,1,0.9607843137254902,0.7777777777777777,0.22179878048780488,0.5125942172785332,0.061213083229937855,0.3999999999999999,0.2755102040816326
148,148,40.68375373846154,-73.7171888255128,0,0.9803921568627451,0.0,0.0,0.9075089502788074,0.12659995304219906,1.0,0.0
149,149,40.5799478174,-73.8373028096,0,1.0,0.0,0.0,0.9239879076946285,0.15741948082808022,1.0,0.01020408163265306
150,150,40.89651225941176,-73.82025954784314,0,1.0,0.0,0.0,0.9257286426329193,0.043634781661773,1.0,0.0
151,151,40.74574726807693,-74.17367506192308,0,1.0,0.0,0.0,0.7678439837299299,0.006407744509930636,1.0,0.0
152,152,40.78467679689189,-74.19241145324324,0,1.0,0.0,0.0,0.8622034222848881,0.0,1.0,0.0
153,153,40.78803480301588,-74.13074179301587,0,1.0,0.0,0.0,0.8622034222848881,0.027043715021539082,1.0,0.0
154,154,40.82535213855073,-73.85425007753624,0,0.9803921568627451,0.0,0.0,0.9044568616870039,0.07835084553166782,1.0,0.0
155,155,40.708252521892646,-74.0059655608192,1,0.9803921568627451,0.654320987654321,0.11771680216802169,0.7413151832703758,0.02369548981823681,0.5111111111111111,0.9795918367346939
156,156,40.639210095466666,-73.89895054106668,0,1.0,0.0,0.0,0.9216669277769072,0.0981662619001655,1.0,0.030612244897959183
157,157,40.748925180186326,-73.93931658198758,0,0.9803921568627451,0.6666666666666666,0.03658536585365854,0.9495186867895624,0.012481271968903137,0.6,0.2857142857142857
158,158,40.666641374722225,-74.231571,0,1.0,0.0,0.0,0.9604505022020295,0.0689442874271551,1.0,0.0
159,159,40.7917440018,-73.7007701956,0,1.0,0.0,0.0,0.9029540271902794,0.03950664239188826,1.0,0.0
160,160,40.68634206312757,-73.9936404587243,0,1.0,0.0,0.0,0.9634445662958899,0.04791758073259012,1.0,0.19387755102040816
161,161,40.762727782249996,-74.14800217475,0,1.0,0.0,0.0,0.7191034054577832,0.05191572762145588,1.0,0.0
162,162,40.85334588514563,-73.88582736213594,0,0.9803921568627451,0.0,0.0,0.8938151687642518,0.07983075029218899,1.0,0.0
163,163,40.81599588246914,-74.00756562395061,0,1.0,0.8518518518518519,0.03048780487804878,0.8179191254547664,0.0,0.6,0.0
164,164,40.719866277982455,-73.84393761675439,0,0.9803921568627451,0.0,0.0,0.9042595783939976,0.044005851972723956,1.0,0.08163265306122448
165,165,40.71422890851064,-74.19861121936171,0,1.0,0.0,0.0,0.9604505022020295,0.02790112500317627,1.0,0.0
166,166,40.882360558070175,-73.87965656842105,0,0.9803921568627451,0.0,0.0,0.8711856145664695,0.048768458238928676,1.0,0.061224489795918366
167,167,40.74934764645418,-74.00462251394424,1,0.9607843137254902,0.611111111111111,0.15091463414634146,0.882430762267829,0.02657206563152006,0.6,0.13265306122448978
168,168,40.75872186465117,-74.21892823593024,0,0.9803921568627451,0.0,0.0,0.9532322546579164,0.05924302683451428,1.0,0.0
169,169,40.7460643954,-73.88467407315,0,0.8627450980392157,0.8461538461538461,0.125,0.8487533436616934,0.45790876191332747,0.5384615384615385,0.19387755102040816
170,170,40.89487068545454,-74.03853089590909,0,1.0,0.0,0.0,0.8708026528800455,0.031207301554344775,1.0,0.0
171,171,40.72381560651515,-73.79371830863636,0,1.0,0.0,0.0,0.9075089502788074,0.10115972778572331,1.0,0.0
172,172,40.58645547026315,-73.9327828736842,0,0.9803921568627451,0.0,0.0,0.9245681526740587,0.05481181503877231,1.0,0.0
173,173,40.65392699795918,-73.95804103632653,0,1.0,0.0,0.0,0.8127201304390708,0.056294573774724355,1.0,0.11224489795918366
174,174,40.84272516166666,-74.10956479785716,0,1.0,0.0,0.0,0.8424518831850802,0.030645107710140063,1.0,0.0
175,175,40.78472979172414,-73.8414725235632,0,0.9803921568627451,0.8888888888888888,0.04725609756097561,0.9300224554807037,0.03745751894604353,0.6,0.0
176,176,40.61305413141177,-74.00493099458824,0,0.9411764705882353,0.0,0.0,0.8700251246076088,0.08705114818940203,1.0,0.07142857142857142
177,177,40.674521258294114,-73.96342087494119,0,1.0,0.7777777777777777,0.07469512195121951,0.7306502805484465,0.041337292543508354,0.6,0.13265306122448978
178,178,40.94257144833333,-74.15020904800001,0,1.0,0.0,0.0,0.8679014279828939,0.0505198301666687,1.0,0.0
179,179,40.66404727514285,-73.9268823672857,0,0.9803921568627451,0.0,0.0,0.8548227061465345,0.06291579401412634,1.0,0.08163265306122448
180,180,40.95394319697917,-74.06997225114583,0,1.0,0.0,0.0,0.8862719840316577,0.045346444185262035,1.0,0.0
181,181,40.68259848866667,-74.10458123333333,0,0.9607843137254902,0.0,0.0,0.9329817048757983,0.103175090384667,1.0,0.0
182,182,40.76987568166667,-74.072291885,0,1.0,0.0,0.0,0.8622034222848881,0.017062799736426056,1.0,0.0
183,183,40.86497599470588,-74.19679301078429,0,1.0,0.0,0.0,0.8424518831850802,0.03189451384340142,1.0,0.0
184,184,40.7310539006391,-73.98040766548874,1,1.0,0.7777777777777777,0.21087398373983743,0.6786951450902559,0.044301489432793294,0.3999999999999999,0.08163265306122448
185,185,40.743496105846155,-74.19475836507692,0,0.9803921568627451,0.0,0.0,0.9604505022020295,0.053451142823051585,1.0,0.0
186,186,40.80558236658088,-73.962519445,1,0.9215686274509804,0.7851851851851851,0.1613821138211382,0.8434499045497004,0.06366874147848295,0.33333333333333326,0.1530612244897959
187,187,40.719389396169724,-73.98851240729358,1,0.7843137254901961,0.8164251207729468,0.5250530222693531,0.5237871429317442,0.09785353011166262,0.4608695652173914,0.21428571428571427
188,188,40.750923028392855,-73.86568615803571,0,0.9803921568627451,0.9444444444444444,0.010670731707317074,0.9280496225506406,0.15936241656899008,0.6,0.09183673469387754
189,189,40.7627503346875,-73.81016441140625,0,1.0,0.0,0.0,0.9297903574889316,0.05516928256895213,1.0,0.0
190,190,40.7485670575,-74.11187270149999,0,1.0,0.0,0.0,0.6517949878438664,0.0,1.0,0.0
191,191,40.836675984310354,-73.85903186896552,0,0.9411764705882353,0.0,0.0,0.9108395564607374,0.09713183080252728,1.0,0.030612244897959183
192,192,40.83181785052631,-74.18380498368421,0,1.0,0.0,0.0,0.8622034222848881,0.0634689423629724,1.0,0.0
193,193,40.60224677477611,-74.15960985134328,0,0.9607843137254902,0.0,0.0,0.8363319668564061,0.060004136575012856,1.0,0.0
194,194,40.727601776464645,-73.95322291126263,0,0.9411764705882353,0.7654320987654321,0.1046747967479675,0.7326811379764526,0.03571183951452821,0.5555555555555556,0.11224489795918366
195,195,40.7852427977931,-73.97538524975863,1,0.9803921568627451,0.735042735042735,0.21646341463414634,0.6512379526636133,0.0285287796881107,0.4461538461538461,0.18367346938775508
196,196,40.73274666201755,-74.06397980640351,0,0.9803921568627451,0.7777777777777777,0.024390243902439025,0.6517949878438664,0.05501590039816034,0.19999999999999996,0.0
197,197,40.78100969174757,-74.0172846692233,0,0.9607843137254902,0.7888888888888888,0.0649390243902439,0.8424518831850802,0.13578701510888627,0.6,0.0
198,198,40.732080120442475,-74.16997605513275,0,1.0,0.0,0.0,0.927863944157223,0.027166055125476377,1.0,0.0
199,199,40.76088301850203,-73.99816703983805,1,1.0,0.7222222222222222,0.16996951219512196,0.8282068689400657,0.02944379756279863,0.19999999999999996,0.04081632653061224
200,200,40.741481662351546,-73.99754406790974,1,0.9215686274509804,0.7037037037037036,0.12118902439024391,0.8590004699984328,0.03007920244487462,0.33333333333333326,0.7448979591836734
201,201,40.936084750666666,-73.89176057488889,0,1.0,0.0,0.0,0.9390742771598166,0.029022916752786895,1.0,0.0
202,202,40.75515229210527,-73.69702189578948,0,1.0,0.0,0.0,0.9018660678538475,0.029110658276246103,1.0,0.0
203,203,40.87770628625,-73.84238493024999,0,1.0,0.0,0.0,0.9108395564607374,0.1553856759018582,1.0,0.02040816326530612
204,204,40.60223390710527,-74.07983506473684,0,1.0,0.0,0.0,1.0,0.01944155017061499,1.0,0.01020408163265306
205,205,40.766691983825496,-73.96799229741609,1,0.9803921568627451,0.7777777777777777,0.47484756097560976,0.7650007833307214,0.07444270698662972,0.0,0.32653061224489793
206,206,40.83232632846154,-74.24543575615384,0,1.0,0.0,0.0,0.8622034222848881,0.05012900562290472,1.0,0.0
207,207,40.97736239066667,-74.02353139733333,0,1.0,0.0,0.0,0.7778387035006171,0.044133632851967766,1.0,0.0
208,208,40.79240828550724,-74.15019268652173,0,0.9803921568627451,0.0,0.0,0.8622034222848881,0.05295755937383751,1.0,0.0
209,209,40.65024103245901,-73.88213746557378,0,0.9803921568627451,0.0,0.0,0.925148397653489,0.10626281257888419,1.0,0.0
210,210,40.62608591333333,-73.96518579869918,0,0.9607843137254902,0.0,0.0,0.81722283147945,0.08939190750345585,1.0,0.0510204081632653
211,211,40.67427196940477,-73.89558152904762,0,1.0,0.0,0.0,0.9634445662958899,0.036484357319539876,1.0,0.1530612244897959
212,212,40.69176881375913,-73.98532294010948,0,0.9607843137254902,0.8444444444444443,0.3277439024390244,0.8346301808623595,0.023346779114126512,0.52,0.5408163265306122
213,213,40.81547473252632,-74.21702309357894,0,1.0,0.0,0.0,0.8622034222848881,0.04327587686942379,1.0,0.0
214,214,40.85540821711864,-74.06941110203391,0,1.0,0.0,0.0,0.821760347218595,0.1053780234139876,1.0,0.0
215,215,40.86498922186046,-73.96508680953487,0,1.0,0.0,0.0,0.866276742040489,0.12217089014372365,1.0,0.0
216,216,40.76049400894273,-73.9150854560793,0,0.9607843137254902,0.7460317460317459,0.058580139372822304,0.7011854404929752,0.052058398078489374,0.6,0.08163265306122448
217,217,40.94658923485714,-73.83454160628571,0,0.9803921568627451,0.0,0.0,0.9408150120981076,0.08382270153611403,1.0,0.0
218,218,40.760506968768475,-73.83017150034483,0,0.4117647058823529,0.9259259259259259,0.36890243902439024,0.9160965759743761,0.38645658418168305,0.19999999999999996,0.1020408163265306
219,219,40.71541333571429,-73.94192619360248,0,1.0,0.6666666666666666,0.06859756097560976,0.9077410482705794,0.04797258279328301,0.6,0.1020408163265306
220,220,40.722703191978944,-74.00180272785262,1,0.9803921568627451,0.8888888888888888,0.4085365853658537,0.7691785471826202,0.01717714078736327,0.0,0.6326530612244897
221,221,40.922274826949156,-74.10887869305084,0,0.9803921568627451,0.0,0.0,0.8679014279828939,0.17554044047393152,1.0,0.0
222,222,40.705519212173904,-73.71263273195652,0,0.9803921568627451,0.0,0.0,0.9075089502788074,0.03572458165022252,1.0,0.0
223,223,40.794893711190475,-74.17426014333333,0,0.9803921568627451,0.0,0.0,0.8622034222848881,0.04160765708832647,1.0,0.0
224,224,40.70671979373737,-73.83233195979798,0,0.9411764705882353,0.0,0.0,0.9075089502788074,0.052421672866700894,1.0,0.04081632653061224
225,225,40.781080127222225,-73.77663453777778,0,1.0,0.0,0.0,0.8824423671674176,0.011802118695883464,1.0,0.0
226,226,40.72385498931817,-73.80868034090909,0,1.0,0.0,0.0,0.9075089502788074,0.04882563770116768,1.0,0.0
227,227,40.88274467981481,-74.01584066425926,0,1.0,0.0,0.0,0.8708026528800455,0.016954817477949396,1.0,0.0
228,228,40.71010927190476,-73.88060136460318,0,0.9803921568627451,0.0,0.0,0.9070447542952631,0.07002357203116709,1.0,0.01020408163265306
229,229,40.71924304279412,-73.7442139625,0,0.9803921568627451,0.0,0.0,0.9075089502788074,0.17696942710615635,1.0,0.0
230,230,40.661856794848475,-74.17363568454545,0,1.0,0.0,0.0,0.9604505022020295,0.002277803995458221,1.0,0.0
231,231,40.7994231911236,-73.9370540335955,1,1.0,0.8024691358024691,0.02930216802168021,0.881049779216785,0.013581219458902994,0.4666666666666667,0.11224489795918366
232,232,40.57768747906977,-73.98213779093024,0,0.9803921568627451,0.0,0.0,0.9176052129208949,0.01916761542449913,1.0,0.08163265306122448
233,233,40.82203268027523,-73.93869736981651,1,0.9803921568627451,0.7333333333333333,0.015548780487804878,0.9161778102714964,0.06690493104459244,0.6,0.11224489795918366
234,234,40.70511136894737,-74.15360917105264,0,1.0,0.0,0.0,0.9604505022020295,0.0,1.0,0.0
235,235,40.65238948417721,-74.00482089164556,0,0.9803921568627451,0.0,0.0,0.9530001566661442,0.06062559734386931,1.0,0.07142857142857142
236,236,40.76096420891566,-73.78873702614456,0,0.9803921568627451,0.0,0.0,0.8824423671674176,0.05390899391404308,1.0,0.0
237,237,40.772253041328675,-74.03069083853147,0,1.0,0.8055555555555555,0.023628048780487805,0.8424518831850802,0.036612405936280915,0.6,0.0
238,238,40.687963371176465,-74.04710274588236,0,1.0,0.0,0.0,0.7348280444003448,0.0,1.0,0.0
239,239,40.6616186442029,-73.8421503804348,0,0.9607843137254902,0.0,0.0,0.9239879076946285,0.09289716430081284,1.0,0.0
240,240,40.94402418666667,-73.99111534555556,0,1.0,0.0,0.0,0.8862719840316577,0.028078676465330268,1.0,0.0
241,241,40.64207311215385,-74.07641058769231,0,1.0,0.0,0.0,0.9216669277769072,0.018934835525327678,1.0,0.030612244897959183
242,242,40.68325791861538,-73.74673551276923,0,0.8823529411764706,0.0,0.0,0.9075089502788074,0.22518300392818338,1.0,0.0
243,243,40.86945564648149,-73.86330852685184,0,0.9607843137254902,0.0,0.0,0.9108395564607374,0.13975509751998583,1.0,0.04081632653061224
244,244,40.76303092422846,-73.98490340753507,1,0.9607843137254902,0.7619047619047619,0.5504500580720094,0.8450745904921052,0.03510867642653809,0.3142857142857143,0.8877551020408162
245,245,40.84999714989011,-73.9107567854945,0,0.9607843137254902,0.0,0.0,0.8846472980892529,0.5750763445282491,1.0,0.17346938775510204
246,246,40.57146953321429,-74.11118114089284,0,0.9803921568627451,0.0,0.0,0.9429909307709713,0.06866664207931202,1.0,0.02040816326530612
247,247,40.85681922291667,-74.130717994375,0,1.0,0.0,0.0,0.8424518831850802,0.11698927473377886,1.0,0.0
248,248,40.70583102315789,-74.09086621403509,0,0.9803921568627451,0.0,0.0,0.7378337133937939,0.04051815811207227,1.0,0.0
249,249,40.69102266392,-73.92968744224,0,0.9215686274509804,0.0,0.0,0.8840322384110567,0.365198186442548,1.0,0.04081632653061224
250,250,40.89478365103447,-73.85693749827584,0,0.9803921568627451,0.0,0.0,0.92688913259178,0.1612339617477683,1.0,0.04081632653061224
251,251,40.728460087307695,-74.0399534075,0,1.0,0.0,0.0,0.5911593874933982,0.014937733114993806,1.0,0.0
252,252,40.893087769761905,-74.10054787571428,0,0.9803921568627451,0.0,0.0,0.8249632995050504,0.3722631902483809,1.0,0.0
253,253,40.55986547692308,-73.91686379153846,0,1.0,0.0,0.0,0.9245681526740587,0.0,1.0,0.0
254,254,40.75142441114754,-73.99233945735885,1,0.8823529411764706,0.7222222222222222,0.22332317073170732,0.8590004699984328,0.08187296749898522,0.44999999999999996,0.8673469387755102
255,255,40.59831872191919,-73.97473420222222,0,0.9411764705882353,0.0,0.0,0.8897534539082397,0.18365441186387313,1.0,0.12244897959183673
256,256,40.757912256785715,-73.96816611193609,1,0.8823529411764706,0.7539682539682541,0.21265243902439024,0.782408132713631,0.05108424911488974,0.29999999999999993,0.37755102040816324
257,257,40.770460483499996,-73.92093388307144,0,0.9607843137254902,0.6944444444444444,0.06288109756097561,0.9439135202882655,0.059888512701407305,0.6,0.08163265306122448
258,258,40.68610927565217,-73.84882049652172,0,0.9411764705882353,0.0,0.0,0.9353607092914626,0.18527969492542545,1.0,0.0510204081632653
259,259,40.809345307945215,-73.91564716150684,0,0.9803921568627451,0.0,0.0,0.9390742771598166,0.10910435832585881,1.0,0.2040816326530612
260,260,40.70263889980132,-73.80305400377482,0,0.9803921568627451,0.0,0.0,0.8381116507389414,0.0446983713088931,1.0,0.25510204081632654
261,261,40.77818807904136,-73.95144404099624,1,0.8431372549019608,0.7777777777777777,0.18790115532734278,0.8868522290110881,0.07364079659292375,0.36842105263157876,0.16326530612244897
262,262,40.88195563958333,-73.95037314083334,0,1.0,0.0,0.0,0.8711856145664695,0.013750536854948363,1.0,0.0
263,263,40.63523829871429,-73.92197873128572,0,1.0,0.0,0.0,0.9216669277769072,0.02621409149073518,1.0,0.0
264,264,40.74100429544643,-73.98396474363841,1,0.9215686274509804,0.7777777777777777,0.21370045731707318,0.8241857712326137,0.06509455832487464,0.3999999999999999,0.4591836734693877
265,265,40.76995200891247,-73.98453546912467,1,1.0,0.7777777777777777,0.6125,0.826506751150335,0.06397799036154687,0.2799999999999999,0.3469387755102041
266,266,40.7467132525,-74.15522093057693,0,1.0,0.0,0.0,0.6517949878438664,0.048882821906086886,1.0,0.0
267,267,40.91628984636364,-74.05807511454545,0,1.0,0.0,0.0,0.8862719840316577,0.10179704900806112,1.0,0.0
268,268,40.75186094232143,-73.75604896214286,0,1.0,0.0,0.0,0.8824423671674176,0.010012963050794759,1.0,0.0
269,269,40.92943515886363,-74.0284941340909,0,1.0,0.0,0.0,0.8862719840316577,0.0,1.0,0.0
270,270,40.883592103529395,-74.21571691308823,0,0.9803921568627451,0.0,0.0,0.8424518831850802,0.060220484371727535,1.0,0.0
271,271,40.84319977057971,-74.16101541130433,0,0.9607843137254902,0.0,0.0,0.8424518831850802,0.05457396955228567,1.0,0.0
272,272,40.644831925060245,-73.79096904216867,0,1.0,0.0,0.0,0.9098299301965287,0.0,1.0,0.0
273,273,40.84385316775,-73.94022344116667,1,1.0,0.7407407407407406,0.03150406504065041,0.866276742040489,0.007596921577541826,0.6,0.19387755102040816
274,274,40.87463596659091,-73.98719849977273,0,1.0,0.0,0.0,0.8708026528800455,0.05604307310799488,1.0,0.0
275,275,40.872606969659095,-73.91062812886364,1,0.9607843137254902,0.0,0.0,0.8711856145664695,0.07553009890572442,1.0,0.061224489795918366
276,276,40.76226951492308,-73.8913118223077,0,1.0,0.8518518518518519,0.025914634146341466,0.866160693044603,0.1349344100113065,0.6,0.0
277,277,40.728690586025635,-73.98776317532969,1,0.9215686274509804,0.8279569892473119,0.6961054287962234,0.5719300688750775,0.08885269474878657,0.2645161290322581,0.42857142857142855
278,278,40.716518789663866,-73.96055054509804,0,0.9607843137254902,0.875,0.20750762195121952,0.7326811379764522,0.07798304283825735,0.35,0.061224489795918366
279,279,40.799698811020406,-74.25596744408162,0,0.9607843137254902,0.0,0.0,0.8989793490811817,0.18770734626160623,1.0,0.0
280,280,40.636971794272725,-74.02326662927274,0,0.9803921568627451,0.0,0.0,0.9532322546579164,0.05094722235664246,1.0,0.1020408163265306
281,281,40.657106614642856,-74.12841140357143,0,1.0,0.0,0.0,0.9604505022020295,0.09274686242714822,1.0,0.0
282,282,40.87100099917807,-73.88474495246575,0,0.9607843137254902,0.0,0.0,0.8711856145664695,0.19174910963338532,1.0,0.12244897959183673
283,283,40.60193978423077,-73.94002074346153,0,0.9803921568627451,0.0,0.0,0.8897534539082397,0.11642570332012706,1.0,0.0
284,284,40.768134508085105,-73.74127411617022,0,0.9803921568627451,0.0,0.0,0.8824423671674176,0.1403571618179784,1.0,0.0
285,285,40.878489377045454,-74.12248400409091,0,0.9803921568627451,0.0,0.0,0.8094591536546724,0.18795487180579776,1.0,0.0
286,286,40.848143515882356,-73.83127894431372,0,1.0,0.0,0.0,0.9108395564607374,0.04108464292562142,1.0,0.1020408163265306
287,287,40.80683284651515,-73.9900378528788,0,1.0,0.0,0.0,0.6512379526636133,0.04608579597582954,1.0,0.0
288,288,40.90077970833333,-74.0709413675,0,0.9803921568627451,0.0,0.0,0.8708026528800455,0.5216706617584551,1.0,0.0
289,289,40.66607366510638,-73.7705913987234,0,1.0,0.0,0.0,0.9075089502788074,0.02384181283594906,1.0,0.0
290,290,40.90893702181818,-73.99895607606061,0,1.0,0.0,0.0,0.8862719840316577,0.04344815471326239,1.0,0.0
291,291,40.608710741794866,-74.12659562897436,0,1.0,0.0,0.0,0.9518512716068722,0.008909045550054976,1.0,0.0
292,292,40.71586148539759,-74.00939884419276,1,0.9411764705882353,0.5308641975308642,0.14803523035230357,0.7482897279231282,0.10110512071861676,0.42222222222222217,0.8163265306122448
293,293,40.73206888314236,-74.00073194265623,1,0.9411764705882353,0.869281045751634,0.4141857962697274,0.5958013473288408,0.08545536862798588,0.3647058823529411,0.4693877551020408
294,294,40.745469653734936,-74.05089835168674,0,0.9215686274509804,0.8333333333333333,0.07545731707317073,0.6517949878438664,0.37404727987615866,0.5,0.0
295,295,40.74429538027356,-73.97715336650454,1,0.9411764705882353,0.7654320987654321,0.10873983739837398,0.7336675544414841,0.056899812790375925,0.3999999999999999,0.19387755102040816
296,296,40.86347553,-74.1525002081818,0,1.0,0.0,0.0,0.8424518831850802,0.08590637175434443,1.0,0.0
297,297,40.933885168965524,-74.12934898137931,0,1.0,0.0,0.0,0.8679014279828939,0.01209568887573498,1.0,0.0
298,298,40.67564147372549,-73.99917332343138,0,1.0,0.0,0.0,0.8783110229138738,0.014058804294684542,1.0,0.061224489795918366
299,299,40.855056217666665,-73.866570022,0,1.0,0.0,0.0,0.9108395564607374,0.008607653494468164,1.0,0.09183673469387754
