STATEFIP,COUNTYFIPS,totalpop,targage1wtd,targage2wtd,malewtd,femalewtd,targ1wtd,targ2wtd,coveredwtd,insurlikelywtd,likelytarg1wtd,targage1pp,targage2pp,malepp,femalepp,targ1pp,targ2pp,coveredpp,insurlikelypp,likelytarg1pp
48,61,844270,54031,36620,202357,216420,26756,18138,291238,163472,0,0.137047416,-0.067631416,-0.089422089,-0.074036146,0.145625085,-0.062369981,-0.205879653,0.037758765,0
48,479,542386,34182,25442,129365,136531,16701,12646,184188,97185,0,-0.150664467,-0.241322547,-0.289228476,-0.285327525,-0.151771232,-0.236123351,-0.374794436,-0.224425861,0
49,49,1184598,74294,80437,283820,279925,35450,40478,506207,98682,0,0.430760241,0.613226008,0.133572591,0.093922635,0.402767162,0.644412665,0.133321111,-0.218504784,0
48,215,1699686,106464,77058,403741,424614,52384,38561,552800,309427,0,0.897065409,0.560720879,0.461841192,0.476597825,0.903623376,0.583763501,0.206840462,0.615053817,0
6,107,920874,54526,41176,228106,228139,26735,19910,385518,220393,0,0.144222456,0.003162715,-0.018937452,-0.043041595,0.145003969,-0.00630826,-0.057114724,0.2628981,0
13,113,223254,13212,7787,52834,56632,6833,3825,100581,26869,0,-0.454625281,-0.515657572,-0.498722428,-0.496645352,-0.443636658,-0.515198093,-0.50671838,-0.50254637,0
13,151,443536,26162,15700,102494,111642,12949,7974,184293,58546,0,-0.266914621,-0.392700163,-0.362784447,-0.351154248,-0.26274398,-0.383933939,-0.374628756,-0.377254496,0
6,47,537344,31396,26388,134272,130872,15303,12615,230743,125467,0,-0.191047625,-0.226622975,-0.275796183,-0.300294515,-0.19311982,-0.237104115,-0.301335046,-0.112562213,0
49,11,684562,39692,26170,165734,163629,19177,12408,305623,63333,0,-0.070796843,-0.230010403,-0.189672929,-0.213658411,-0.078538683,-0.243653086,-0.183181483,-0.3583205,0
13,97,284448,16482,10524,66164,72110,7875,5294,116190,37954,0,-0.407226527,-0.473128262,-0.462233236,-0.455708953,-0.412817467,-0.468722546,-0.482088853,-0.458701927,0
17,197,1379058,78594,52053,340172,345338,38707,24732,634616,168538,0,0.493088877,0.172176709,0.287829078,0.266927716,0.499099315,0.146247958,0.335938377,0.057796289,0
48,141,1675836,93990,83926,408942,424799,46417,38761,635976,276406,0,0.716254384,0.667440389,0.476078273,0.477087115,0.727137665,0.590091009,0.338084328,0.484446028,0
17,111,614008,34093,22021,153006,154243,16349,10865,287788,73219,0,-0.151954525,-0.294480299,-0.224514222,-0.238482616,-0.162182321,-0.29246981,-0.211323427,-0.319218456,0
34,19,249352,13833,9267,63187,63068,6634,3511,118839,27156,0,-0.445623866,-0.492660357,-0.470382398,-0.479623342,-0.449522473,-0.52513228,-0.477908981,-0.5014112,0
13,223,311650,17272,11066,73081,76709,8860,5562,131061,34691,0,-0.395775452,-0.464706309,-0.443298822,-0.443545463,-0.383684163,-0.460243686,-0.45862382,-0.471608054,0
17,97,1406094,77746,59784,350263,351861,37521,26450,641057,179202,0,0.480797091,0.292306082,0.315451917,0.284179824,0.464021043,0.200601252,0.346101666,0.099975553,0
4,5,281816,15575,22628,68096,70104,7854,11983,116926,41608,0,-0.420373521,-0.285048333,-0.45694463,-0.461014446,-0.413438583,-0.257099041,-0.480927514,-0.44424928,0
6,25,361766,19987,17415,91393,87516,9291,7783,152665,85972,0,-0.356421441,-0.366051363,-0.393172033,-0.414962981,-0.370936494,-0.389976709,-0.42453475,-0.268776581,0
39,165,454126,24913,14119,111451,110951,12007,6659,209777,51979,0,-0.285018915,-0.417266783,-0.33826579,-0.352981813,-0.290605475,-0.425537304,-0.334417412,-0.403228917,0
26,139,564500,30957,31343,136206,140816,15560,15830,262362,73762,0,-0.197410944,-0.14962892,-0.270502102,-0.273994506,-0.185518542,-0.135389424,-0.251443252,-0.317070731,0
53,77,499272,27322,21209,123709,123863,12877,10300,202409,98187,1,-0.250100384,-0.30709769,-0.304711062,-0.318832002,-0.264873521,-0.310345021,-0.34604342,-0.220462655,1
13,135,1814270,99191,66761,427888,446276,48997,32819,711195,193981,0,0.791643044,0.400719306,0.527940556,0.533889741,0.803446218,0.402100745,0.456772801,0.158430854,0
47,187,438214,23926,11616,100557,105043,11169,5631,194028,36344,0,-0.299325512,-0.456160047,-0.36808674,-0.368607362,-0.315390966,-0.458060695,-0.359267846,-0.465069951,0
13,117,442018,24086,10656,101015,102793,11733,5186,183969,35491,0,-0.297006307,-0.471077159,-0.366833022,-0.374558189,-0.298709562,-0.472139401,-0.375139997,-0.468443818,0
6,29,1769576,95727,83075,446946,424089,46052,38636,746643,371821,0,0.741432254,0.65421699,0.580109426,0.475209299,0.716342075,0.586136316,0.512706395,0.861840481,0
48,139,336998,18210,12108,78920,81274,8779,6089,132385,40623,1,-0.382179112,-0.448515026,-0.427315296,-0.431471896,-0.386079897,-0.443570702,-0.456534674,-0.448145245,1
18,63,321220,17355,10096,77797,78068,8401,4656,141220,31820,0,-0.394572364,-0.479778808,-0.430389367,-0.439951163,-0.397259987,-0.488907297,-0.442593879,-0.482963705,0
16,19,224464,12125,7671,54281,54544,5823,3791,95710,32960,0,-0.47038138,-0.517460057,-0.494761449,-0.502167719,-0.473509386,-0.516273769,-0.514404357,-0.478454669,0
49,57,495120,26588,20155,121076,119886,12924,9693,212167,57608,0,-0.260739737,-0.323475437,-0.311918567,-0.329350419,-0.263483404,-0.329549007,-0.330646218,-0.380964563,0
36,71,758420,40717,34145,188378,188051,18946,14759,349847,120703,0,-0.055939436,-0.106089597,-0.127687837,-0.149066815,-0.08537096,-0.169273229,-0.113400191,-0.131405238,0
13,313,209178,11226,8347,51380,52164,5023,4153,82362,34544,0,-0.483412413,-0.506955923,-0.50270257,-0.508462371,-0.497170953,-0.50482098,-0.53546624,-0.472189482,0
27,171,265100,14216,7086,65177,64807,6901,3509,123733,29850,0,-0.440072269,-0.526550172,-0.464935024,-0.475024014,-0.441625425,-0.525195556,-0.470186712,-0.490755636,0
39,103,354442,19000,10739,86621,88870,9210,5211,165236,44942,0,-0.370728037,-0.469787451,-0.406234781,-0.411381905,-0.373332228,-0.471348462,-0.4046989,-0.431062327,0
6,77,1467418,78611,62686,356111,359014,37451,29865,630361,292849,0,0.493335293,0.337399271,0.331460079,0.303098164,0.461950656,0.308643452,0.329224389,0.54948294,0
28,33,351222,18798,12196,82711,88102,9384,5988,151261,44199,0,-0.373656034,-0.447147624,-0.416937912,-0.413413121,-0.368185837,-0.446766094,-0.42675013,-0.434001111,0
17,89,1063430,56716,40272,261779,264812,27344,19534,468619,153156,0,0.175966575,-0.010884233,0.073238136,0.053951592,0.163016337,-0.018203975,0.0740108,-0.003044056,0
24,17,315410,16821,12430,74580,79844,8372,6062,147687,39582,0,-0.402312711,-0.443511578,-0.439195498,-0.435253977,-0.398117719,-0.444424916,-0.432389564,-0.452262707,0
39,41,392926,20938,11189,93283,95584,10330,5389,180463,34506,0,-0.342636666,-0.462795054,-0.387998397,-0.393624638,-0.340206034,-0.46571698,-0.380672134,-0.472339783,0
6,19,1959830,104255,91882,480400,482853,50415,44806,822063,437581,1,0.865045884,0.79106596,0.671685528,0.630629026,0.845386345,0.781339939,0.631712027,1.121940667,1
6,71,4280192,227562,205173,1046493,1060332,109757,98513,1789459,799418,0,2.652384749,2.551456182,2.221293662,2.157952364,2.600542213,2.480497306,2.158171483,2.55311267,0
39,133,323842,17216,22812,79161,82356,8442,11992,150152,48839,0,-0.396587174,-0.28218922,-0.426655589,-0.42861021,-0.396047332,-0.256814303,-0.428500027,-0.415648543,0
6,65,4775482,253839,204301,1156235,1168255,125817,99670,1984937,876042,0,3.033270695,2.537906471,2.521698535,2.4433884,3.075548165,2.51710194,2.466617292,2.856183178,0
6,99,1083120,57529,45715,262389,268310,27712,22525,470518,230174,0,0.187751036,0.073692688,0.074907934,0.063203144,0.173900657,0.076423907,0.077007242,0.301584839,0
13,63,558924,29662,24314,127631,142605,14618,12156,205808,90551,0,-0.21618201,-0.258850154,-0.293975082,-0.269262937,-0.213380037,-0.251625746,-0.340680119,-0.250665286,0
18,39,407562,21536,15203,99641,102070,11125,7409,165016,60953,0,-0.333968637,-0.400422877,-0.370594174,-0.376470388,-0.316692352,-0.401809149,-0.40504604,-0.367734102,0
13,73,294900,15534,9857,68016,71840,7328,4888,127315,31804,0,-0.420967817,-0.483492548,-0.45716362,-0.456423052,-0.428996064,-0.481567388,-0.464534654,-0.48302699,0
12,19,416622,21909,14119,98377,101975,10659,6986,178414,63141,0,-0.32856199,-0.417266783,-0.374054214,-0.376721645,-0.330475215,-0.415191829,-0.383905262,-0.359079917,0
39,45,305194,16048,10592,74753,75409,7817,4784,138890,49144,0,-0.413517371,-0.472071633,-0.438721933,-0.446983718,-0.414532931,-0.484857692,-0.446270398,-0.414442178,0
9,13,302236,15863,22705,75411,75860,7551,11435,145426,41657,0,-0.416198952,-0.283851856,-0.436920741,-0.445790908,-0.422400402,-0.274436413,-0.435957208,-0.44405547,0
35,43,284050,14844,8915,67856,70237,7075,4378,121246,50486,0,-0.430969389,-0.498129965,-0.4576016,-0.460662686,-0.436479034,-0.497702533,-0.474110963,-0.409134172,0
36,87,653560,34128,25809,158472,164262,16958,12458,296486,122493,0,-0.151447199,-0.235619859,-0.209551737,-0.211984246,-0.144169954,-0.242071209,-0.197598805,-0.12432526,0
42,89,332196,17318,15402,82789,84352,8618,7240,151410,56184,0,-0.395108681,-0.397330683,-0.416724397,-0.423331165,-0.390841787,-0.407155893,-0.426515022,-0.386596903,0
22,5,243174,12652,8126,57969,58945,6168,3781,104207,30038,0,-0.462742498,-0.510389967,-0.484666014,-0.490527902,-0.463305335,-0.516590145,-0.500996894,-0.49001204,0
26,93,377248,19574,12277,93097,92659,9687,5787,175372,48315,0,-0.362407889,-0.445888993,-0.388507548,-0.401360713,-0.359224019,-0.453125239,-0.38870525,-0.417721117,0
28,59,282482,14653,10126,69066,71727,7129,5088,119203,48257,0,-0.43373794,-0.479312649,-0.454289377,-0.456721916,-0.434881878,-0.47523988,-0.477334624,-0.417950525,0
21,227,251064,13005,16576,59506,61472,6067,8033,109511,41097,0,-0.457625752,-0.379088298,-0.480458671,-0.483844462,-0.466292608,-0.382067324,-0.492627684,-0.446270435,0
42,85,225826,11682,9356,56928,57827,5378,4383,105494,46795,0,-0.476802679,-0.491277416,-0.48751562,-0.493484801,-0.486671133,-0.497544345,-0.49896613,-0.423733166,0
47,157,1869206,96358,80465,447079,489688,47471,40424,805614,327134,0,0.750578619,0.61366109,0.580473497,0.648706316,0.758311779,0.642704238,0.605757059,0.685090222,0
51,107,771890,39768,20612,179348,182874,19570,10347,335062,43822,0,-0.069695221,-0.31637427,-0.152406322,-0.162759006,-0.066914938,-0.308858056,-0.136729523,-0.435492257,0
6,31,299570,15431,15108,83270,67042,7856,6193,125056,59874,0,-0.422460805,-0.401899049,-0.41540772,-0.46911286,-0.41337943,-0.440280398,-0.468099143,-0.372001865,0
48,187,310530,15990,10933,72740,74497,7713,5448,127037,39761,0,-0.414358083,-0.466772951,-0.444232266,-0.449395787,-0.417608935,-0.463850365,-0.464973312,-0.451554709,0
48,85,1879170,96678,58592,434947,451395,45932,28409,783696,140905,0,0.755217029,0.273784001,0.547263678,0.547428533,0.71279284,0.262579193,0.571172527,-0.051500372,0
35,13,428414,22025,27478,105345,108354,11613,13325,177771,100759,0,-0.326880567,-0.209685837,-0.354980194,-0.35985039,-0.302258797,-0.214641462,-0.384919855,-0.210289637,0
4,27,411262,21124,20766,104305,99101,9834,8694,165983,82807,0,-0.33994059,-0.313981316,-0.357827063,-0.384322835,-0.354876206,-0.36115491,-0.403520205,-0.281295089,0
1,117,421244,21636,13446,100288,105589,9839,6849,188348,45792,0,-0.332519134,-0.427724301,-0.368823093,-0.367163295,-0.354728321,-0.419526172,-0.368230349,-0.427700326,0
48,135,314924,16169,14790,77526,75871,7954,6800,117272,40103,0,-0.411763472,-0.406840343,-0.431131195,-0.445761815,-0.410480888,-0.421076411,-0.480381559,-0.450201998,0
24,21,495182,25378,18280,120219,123243,11735,9018,228763,57375,0,-0.278278726,-0.352610423,-0.314264496,-0.320471785,-0.298650408,-0.350904347,-0.304459299,-0.381886147,0
18,141,538282,27486,25849,129388,138314,13621,13554,237498,84674,0,-0.247723199,-0.234998312,-0.289165516,-0.280611825,-0.242868264,-0.207396465,-0.290676294,-0.273910554,0
49,53,320490,16340,11951,75525,76598,7582,6200,127701,53043,0,-0.409284822,-0.450954596,-0.43660868,-0.443839037,-0.421483516,-0.440058935,-0.463925583,-0.399020484,0
55,59,336366,17146,14517,82710,85062,8552,6867,153688,55078,0,-0.397601826,-0.411082397,-0.416940649,-0.421453349,-0.392793866,-0.418956696,-0.422920553,-0.390971459,0
48,257,236700,12040,7487,54824,56944,5647,3656,91841,30638,0,-0.471613458,-0.52031917,-0.493275055,-0.49582017,-0.478714931,-0.520544837,-0.520509274,-0.487638864,0
18,89,971692,49367,37355,236730,253084,23646,18732,432819,169894,0,0.069442588,-0.056210501,0.00466966,0.022933238,0.053640744,-0.043577282,0.017521783,0.063159669,0
37,135,283592,14401,21603,66626,73522,7439,11997,127707,28381,0,-0.437390688,-0.300975459,-0.460968569,-0.451974478,-0.425713021,-0.256656115,-0.463916115,-0.496565964,0
37,101,382900,19434,12191,89688,92624,9174,6091,155153,55018,0,-0.364437194,-0.447225318,-0.397839255,-0.401453281,-0.374396998,-0.443507427,-0.420608921,-0.391208776,0
21,15,257072,13038,8299,62125,63622,6235,3952,116134,29509,0,-0.457147416,-0.507701779,-0.473289489,-0.478158116,-0.461323679,-0.511180125,-0.482177216,-0.492104391,0
51,41,678018,34353,25288,159958,171957,16206,12703,304249,79247,0,-0.148185817,-0.2437155,-0.205484,-0.191632418,-0.166411827,-0.234320012,-0.185349525,-0.295375939,0
6,39,309394,15670,13848,73776,79237,7295,6793,131126,78599,0,-0.418996493,-0.42147776,-0.441396347,-0.436859378,-0.429972103,-0.421297874,-0.458521257,-0.29793897,0
34,27,996846,50460,33373,243845,254557,25378,15693,465335,106622,0,0.085285658,-0.118085442,0.024146074,0.026829046,0.104868036,-0.139723767,0.068828958,-0.187099744,0
49,35,2242708,113284,93312,549294,543534,54634,46029,948125,225777,0,0.995921525,0.813286243,0.860274157,0.791118858,0.970171532,0.82003265,0.830625948,0.284193408,0
48,157,1482474,74865,47937,336036,347695,36822,23172,594127,122465,0,0.439036905,0.108219589,0.2765073,0.273161538,0.443346749,0.096893396,0.272050562,-0.124436008,0
13,15,207614,10475,7159,50634,51360,4957,3598,85391,33945,0,-0.494298182,-0.52541585,-0.504744651,-0.5105888,-0.499123032,-0.522379814,-0.530686764,-0.474558704,0
18,127,335582,16883,13309,82108,84808,8342,6547,152272,44889,0,-0.401414019,-0.429853097,-0.418588548,-0.422125131,-0.399005028,-0.429080709,-0.425154867,-0.431271957,0
48,339,1112406,55958,35850,256388,262468,27195,16951,439444,125525,0,0.164979342,-0.079596183,0.058480953,0.047752153,0.15860937,-0.099923741,0.027975407,-0.112332806,0
13,139,393274,19769,15279,94770,95783,9735,7451,154327,58322,0,-0.359581358,-0.399241939,-0.383927922,-0.39309832,-0.357804325,-0.400480372,-0.421912271,-0.378140482,0
55,9,520802,26167,20423,127732,128694,12647,10002,238491,80939,0,-0.266842146,-0.319311076,-0.293698607,-0.306054916,-0.271676222,-0.319773008,-0.289109434,-0.28868358,0
24,27,634466,31865,20786,150736,157686,15280,10393,293279,63848,0,-0.184249456,-0.313670543,-0.230728061,-0.229376529,-0.19380009,-0.307402729,-0.202659148,-0.356283523,0
17,37,209056,10471,18372,52024,52521,5514,9206,95895,29002,0,-0.494356162,-0.351180866,-0.500939701,-0.507518173,-0.482648666,-0.344956489,-0.514112445,-0.494109726,0
9,1,1888354,94574,68584,458778,482483,45394,33714,842220,270892,0,0.724719483,0.429046282,0.612498032,0.629650446,0.696880436,0.430416344,0.663517868,0.462636532,0
27,163,506234,25340,15933,123204,125672,12729,7685,237674,57720,0,-0.278829537,-0.389079656,-0.306093436,-0.314047537,-0.269250911,-0.393077188,-0.290398583,-0.38052157,0
39,89,344396,17238,12610,83017,86648,8645,6269,157075,57852,0,-0.396268283,-0.44071462,-0.416100276,-0.417258677,-0.390043209,-0.437875945,-0.417576187,-0.379999471,0
22,103,507204,25373,15793,119880,126339,12823,7540,215956,79971,0,-0.278351201,-0.391255068,-0.315192466,-0.312283448,-0.266470677,-0.397664631,-0.324667534,-0.292512305,0
34,37,285044,14215,10160,72087,73012,6879,4932,134326,36308,0,-0.440086764,-0.478784334,-0.446019771,-0.453323332,-0.442276118,-0.480175336,-0.453471959,-0.465212342,0
48,303,606274,30215,44854,145242,149433,15060,21553,245992,85312,0,-0.208166258,0.060313903,-0.245767192,-0.251204161,-0.200307021,0.045672218,-0.277273565,-0.271387076,0
39,17,755074,37619,38146,183275,190722,18575,19222,345923,113423,0,-0.100845044,-0.043919422,-0.141656656,-0.142002522,-0.096344012,-0.028074888,-0.119591892,-0.160199784,0
48,439,4033744,200896,157944,953946,993333,98363,79164,1591027,503335,0,2.265860236,1.817580854,1.967957931,1.980752611,2.263542348,1.868342542,1.845064541,1.382017121,0
48,355,722700,35933,31619,174952,180636,17619,15705,289852,119970,0,-0.125283667,-0.14534025,-0.164439817,-0.168678095,-0.124619584,-0.139344116,-0.20806663,-0.134304469,0
48,251,326548,16236,11780,78490,79135,7745,5767,126983,44458,0,-0.410792305,-0.453611707,-0.428492367,-0.437129149,-0.416662472,-0.45375799,-0.465058519,-0.432976689,0
24,13,335312,16665,12717,82773,84922,8215,6130,159159,42390,0,-0.404573936,-0.439051983,-0.416768195,-0.421823623,-0.402761301,-0.442273563,-0.414287832,-0.441156239,0
13,45,232522,11530,13139,55700,58096,5983,6839,95157,37479,0,-0.479005924,-0.432494669,-0.490877115,-0.492773347,-0.468777073,-0.419842547,-0.515276939,-0.460580692,0
42,29,1032624,51143,38923,252878,258918,24936,19021,477929,118925,0,0.095185764,-0.031845884,0.048872772,0.038363071,0.091795021,-0.034434033,0.0887011,-0.138437752,0
17,91,220016,10886,9863,54823,56529,5454,4882,102137,39684,0,-0.488340724,-0.483399316,-0.493277792,-0.496917767,-0.484423284,-0.481757213,-0.504263159,-0.451859267,0
26,115,298416,14761,10235,73787,76173,7357,4777,139592,46813,0,-0.432172477,-0.477618935,-0.441366236,-0.444963082,-0.428138332,-0.485079155,-0.445162709,-0.42366197,0
6,111,1699476,84025,70985,417212,426082,40321,34785,739271,257537,0,0.571811394,0.466354602,0.498716354,0.480480409,0.546836526,0.464300149,0.501074076,0.40981357,0
37,147,354440,17522,28874,82393,93129,8922,15633,151286,52026,0,-0.392151694,-0.187993869,-0.417808397,-0.400117651,-0.381850392,-0.141622019,-0.426710682,-0.403043018,0
26,5,231096,11422,7684,56473,57114,5668,3723,104765,36510,0,-0.480571387,-0.517258054,-0.488761125,-0.495370552,-0.478093815,-0.518425122,-0.500116423,-0.464413372,0
34,35,667502,32935,22154,161916,169724,15809,10611,308843,67998,0,-0.168739772,-0.292413658,-0.200124222,-0.197538283,-0.178153879,-0.300505746,-0.178100627,-0.33986905,0
13,57,483378,23825,15857,113842,116858,11386,7751,199180,50985,0,-0.30078951,-0.390260594,-0.331720729,-0.337358909,-0.308972766,-0.39098911,-0.351138477,-0.40716048,0
48,329,325130,16023,13376,77890,77859,8184,6466,125105,32432,0,-0.413879747,-0.428812007,-0.430134791,-0.440503929,-0.403678187,-0.431643349,-0.468021826,-0.480543065,0
26,121,346816,17067,12994,85545,86820,8668,6309,155386,73400,0,-0.398746934,-0.434747774,-0.409180195,-0.41680377,-0.389362939,-0.436610443,-0.420241269,-0.318502547,0
39,3,207484,10207,9285,52882,51810,4768,4135,94706,39777,0,-0.498182851,-0.492380661,-0.498591034,-0.509398635,-0.504713077,-0.505390455,-0.515988574,-0.451491424,0
34,15,584660,28734,22458,141050,149945,14584,10712,273474,82342,0,-0.2296334,-0.287689905,-0.257242263,-0.249850018,-0.214385653,-0.297310354,-0.233909566,-0.283134301,0
55,105,323240,15880,11709,79120,81747,7299,6052,147903,56115,0,-0.415952536,-0.454714951,-0.426767821,-0.4302209,-0.429853795,-0.444741291,-0.432048736,-0.386869818,0
48,121,1612360,79186,60907,370908,383522,39366,31189,654801,134621,0,0.501669936,0.309755996,0.371964998,0.367917214,0.518590531,0.350531555,0.367788399,-0.076355445,0
26,163,3498732,171708,148156,850377,918074,84594,74454,1578114,776389,0,1.842779253,1.665488459,1.684450866,1.781706711,1.856297207,1.719329728,1.824689048,2.462026186,0
26,147,319174,15662,11267,79261,80775,7125,5462,147579,60251,0,-0.419112453,-0.461583039,-0.426381852,-0.432791658,-0.435000186,-0.46340744,-0.432559978,-0.370510719,0
18,3,740808,36318,29350,177634,188059,18152,14794,319702,114039,0,-0.11970308,-0.180597467,-0.157098181,-0.149045656,-0.108855065,-0.168165915,-0.160966152,-0.157763322,0
55,101,390280,19112,14020,96386,98756,9158,6647,176965,63931,0,-0.369104594,-0.41880511,-0.379504326,-0.385235295,-0.37487023,-0.425916955,-0.386191647,-0.355955234,0
48,367,258882,12671,8680,61452,62007,6264,4090,103343,33888,0,-0.462467093,-0.50178155,-0.475131741,-0.482429488,-0.460465947,-0.506814145,-0.502360205,-0.474784155,0
48,29,3857360,188524,171922,914563,943718,92193,82566,1551168,584402,0,2.086527704,2.03478023,1.86015194,1.849530268,2.081052515,1.975973454,1.782170807,1.702661004,0
39,109,209358,10225,6810,51250,52724,5167,3146,95861,34333,0,-0.49792194,-0.530838842,-0.503058428,-0.506981277,-0.492911871,-0.536679983,-0.514166094,-0.473024049,0
6,83,892340,43550,59037,219860,219042,22201,28527,374330,148173,0,-0.014875011,0.280698704,-0.041509836,-0.067101449,0.010902039,0.266312423,-0.074768331,-0.02275329,0
27,37,834972,40738,26429,202466,209161,20190,12422,388923,99881,0,-0.05563504,-0.22598589,-0.089123715,-0.093234836,-0.048577224,-0.24321016,-0.051741956,-0.213762386,0
6,113,431604,21055,35691,102062,107321,10810,18641,189713,61137,0,-0.340940747,-0.08206683,-0.363966992,-0.362582481,-0.326009094,-0.046456298,-0.366076508,-0.367006328,0
24,25,502064,24490,18059,122043,127605,11940,8583,238113,70098,0,-0.291150314,-0.356044466,-0.309271527,-0.308935116,-0.292587131,-0.364666677,-0.289705882,-0.331562931,0
42,11,829624,40416,34764,203553,210196,19570,17369,377964,141688,0,-0.06030244,-0.096471167,-0.08614819,-0.090497455,-0.066914938,-0.086699249,-0.069034222,-0.048403376,0
34,41,213234,10381,7931,52010,54951,5186,3981,98543,28922,0,-0.495660715,-0.513420005,-0.500978024,-0.50109128,-0.492349909,-0.510262637,-0.509934151,-0.494426149,0
26,161,729418,35502,55990,176733,181072,17573,27138,334787,85604,0,-0.131531025,0.23335241,-0.159564555,-0.167524957,-0.125980124,0.22236788,-0.137163447,-0.27023213,0
48,39,708390,34460,23976,170918,167441,17009,11040,279234,74179,0,-0.146634848,-0.264102221,-0.175482383,-0.203576388,-0.142661529,-0.286933241,-0.224820831,-0.315421373,0
48,309,495868,24119,31245,118349,124872,11602,15763,200802,76551,0,-0.296527971,-0.151151708,-0.319383385,-0.316163387,-0.302584143,-0.137509139,-0.348579114,-0.306039414,0
17,99,221284,10763,7934,55965,56056,5336,3729,102701,42033,0,-0.490123613,-0.513373389,-0.490151711,-0.498168763,-0.487913365,-0.518235297,-0.50337322,-0.442568279,0
17,43,1858736,90368,70158,456419,473784,43592,34192,858412,221892,0,0.66375338,0.453504131,0.606040568,0.606643227,0.643582757,0.445539088,0.689067313,0.268827087,0
34,25,1251692,60834,44044,305404,322608,28690,21869,576552,160948,0,0.235657116,0.047727589,0.192656067,0.206811141,0.202826923,0.055669681,0.244318873,0.027775601,0
36,75,237974,11555,12154,60316,60225,5925,5819,111463,48928,0,-0.478643548,-0.447800248,-0.478241398,-0.487142542,-0.470492536,-0.452112838,-0.489547612,-0.415296522,0
6,55,284332,13790,10552,69809,70857,7068,5116,127768,46553,0,-0.446247152,-0.47269318,-0.452255509,-0.459022902,-0.436686073,-0.474354029,-0.463819863,-0.424690347,0
36,103,2985166,144745,116975,736108,761600,71604,56952,1383142,424990,0,1.451949715,1.180977532,1.371653902,1.367862412,1.472092517,1.165609501,1.517041659,1.07213955,0
34,21,742046,35980,35869,181671,189172,17769,17462,332715,106557,0,-0.1246024,-0.079300949,-0.146047403,-0.146101981,-0.120183041,-0.083756958,-0.140432867,-0.187356838,0
48,201,9179856,445057,373943,2204684,2229128,216082,183207,3451920,1237288,0,5.804981653,5.173915669,5.391695335,5.249197947,5.745312319,5.160007129,4.781377816,4.285017602,0
20,209,327662,15872,12653,79648,82114,8272,6301,128486,59950,0,-0.416068496,-0.440046457,-0.425322488,-0.429250254,-0.401075415,-0.436863544,-0.462686927,-0.371701262,0
36,5,2911440,140743,142909,676908,760554,69266,71089,1263246,777357,0,1.393940598,1.583957115,1.209601374,1.365095939,1.402941588,1.612869406,1.327857103,2.465854911,0
27,145,311304,15046,19685,77421,75840,7827,9375,145515,45410,0,-0.428041393,-0.330778607,-0.431418619,-0.445843804,-0.414237161,-0.339609745,-0.435816775,-0.429211249,0
48,167,658862,31808,23414,155618,159118,15194,11454,265644,84658,0,-0.185075672,-0.272834947,-0.217364202,-0.225589158,-0.196343708,-0.273835299,-0.246264566,-0.273973839,0
1,97,829672,40046,33855,197775,216382,20067,16869,357440,148055,0,-0.065665602,-0.110595808,-0.101964736,-0.074136649,-0.05221519,-0.10251802,-0.101419154,-0.023220014,0
26,81,1284346,61985,53974,309794,319515,29906,27080,576069,197868,0,0.252340897,0.202026473,0.204673137,0.198630738,0.238792504,0.220532903,0.243556744,0.173805085,0
48,491,1057436,51031,32330,241523,249098,24787,15981,434694,101871,0,0.093562321,-0.134292263,0.017789892,0.012391018,0.087388054,-0.130612155,0.020480356,-0.205891349,0
48,183,247490,11937,10943,60539,62741,6316,5094,98131,41147,0,-0.473106446,-0.466617564,-0.477630963,-0.480488196,-0.458927946,-0.475050054,-0.510584248,-0.446072671,0
42,17,1252798,60389,40533,307551,318701,28241,19929,593011,161501,0,0.229206827,-0.006828643,0.198533208,0.196477861,0.189546868,-0.005707147,0.270289619,0.029962879,0
39,169,232940,11220,9802,57360,58239,5438,4843,98973,37016,0,-0.483499384,-0.484347174,-0.486333075,-0.492395139,-0.484896515,-0.482991077,-0.509255652,-0.462411993,0
36,27,588946,28337,28362,146971,149078,13882,14062,273115,94161,0,-0.235387927,-0.195949662,-0.241034273,-0.25214307,-0.235148678,-0.191324595,-0.234476034,-0.236386672,0
5,7,516582,24843,16866,121519,123608,12322,8459,215988,71396,0,-0.286033568,-0.374582087,-0.310705911,-0.319506429,-0.281288733,-0.368589732,-0.324617041,-0.326428958,0
37,85,261762,12587,10053,62879,63821,5823,5054,109718,41847,0,-0.463684675,-0.480446971,-0.471225509,-0.477631799,-0.473509386,-0.476315556,-0.492301057,-0.443303964,0
34,31,1015890,48829,43887,246463,260358,23327,21889,430880,189224,0,0.061644261,0.045288019,0.031312519,0.0421716,0.044205695,0.056302432,0.014462225,0.139615517,0
12,97,672030,32266,26046,153739,158416,15628,12844,249189,107446,0,-0.178436948,-0.231937197,-0.222507727,-0.227445816,-0.183507309,-0.229859119,-0.272229001,-0.183840581,0
48,27,680822,32684,35185,164846,165751,16817,16031,290786,96972,0,-0.172378025,-0.089929392,-0.192103717,-0.208046121,-0.148340305,-0.129030278,-0.206592867,-0.225268339,0
27,3,691914,33206,23065,170699,170396,16691,11091,319574,90480,0,-0.164811618,-0.278257939,-0.176081868,-0.195760969,-0.152067002,-0.285319726,-0.161168123,-0.250946112,0
48,423,450580,21616,19214,106082,113935,10527,9876,179292,71459,0,-0.332809035,-0.338097315,-0.35296275,-0.345089695,-0.334379374,-0.323759338,-0.382519861,-0.326179775,0
26,65,576102,27600,49667,138191,146682,13416,25402,263640,93432,0,-0.246070765,0.135101469,-0.265068415,-0.258480039,-0.248931541,0.16744511,-0.249426689,-0.239270082,0
51,550,475880,22794,18320,113776,119422,11572,8677,211618,59321,0,-0.315733887,-0.351988876,-0.331901396,-0.330577612,-0.303471452,-0.361692748,-0.331512488,-0.374189143,0
45,91,517052,24749,18284,118104,127537,11904,9492,217605,69399,0,-0.287396101,-0.352548268,-0.320054042,-0.309114963,-0.293651902,-0.335908153,-0.322065568,-0.334327682,0
29,99,448452,21462,14948,110619,111865,10538,7309,200667,62025,0,-0.33504127,-0.404385235,-0.340543285,-0.350564455,-0.334054027,-0.404972903,-0.348792131,-0.363494026,0
20,91,1168902,55703,36769,279858,292788,27262,17883,534415,113652,0,0.161283108,-0.065316156,0.122727116,0.12794285,0.160591026,-0.070437554,0.177830669,-0.159294021,0
37,183,2093582,99677,78009,486043,512193,48005,38509,890524,213730,0,0.798687629,0.575498143,0.687132528,0.708227808,0.774105875,0.582118349,0.739737014,0.236543971,0
42,45,1126804,53630,49417,271001,291855,26331,24256,519684,170908,0,0.131234908,0.131216804,0.098482196,0.125475241,0.133054878,0.131188489,0.154586544,0.067170337,0
47,179,254880,12125,13255,61559,64558,6193,7038,111952,45272,0,-0.47038138,-0.430692184,-0.474838842,-0.475682572,-0.462565911,-0.413546676,-0.488776016,-0.429757079,0
42,27,322928,15341,34653,83581,75931,7620,15243,147657,35070,0,-0.423765358,-0.098195958,-0.414556397,-0.445603126,-0.420359592,-0.15396066,-0.432436901,-0.470108997,0
48,113,5149968,244502,212255,1238523,1274081,120240,104425,1926269,758239,0,2.897930585,2.661500965,2.746951549,2.723278265,2.910597468,2.667538443,2.374044733,2.390237585,0
1,15,229222,10875,9468,55943,60011,5332,4652,103004,46177,0,-0.488500169,-0.489537086,-0.490211933,-0.487708532,-0.488031673,-0.489033847,-0.502895115,-0.426177538,0
55,117,230854,10952,7045,57259,57454,4999,3440,105953,34058,0,-0.487384052,-0.527187257,-0.486609549,-0.494471316,-0.4978808,-0.527378546,-0.498241871,-0.474111755,0
22,73,313966,14886,14647,75091,81553,7092,7485,127386,58371,0,-0.430360598,-0.409062371,-0.4377967,-0.430733994,-0.435976226,-0.399404696,-0.464422623,-0.377946673,0
36,93,309106,14655,12266,75595,79069,7329,6084,145486,57697,0,-0.43370895,-0.446059918,-0.436417064,-0.437303707,-0.428966487,-0.44372889,-0.435862534,-0.380612542,0
13,67,1496300,70812,56291,351982,376524,35359,27891,613678,157941,0,0.380288541,0.238029546,0.320157462,0.34940882,0.400075658,0.246190948,0.302900192,0.01588203,0
5,143,456098,21574,28099,110137,109818,11051,13597,189438,64047,0,-0.333417826,-0.20003633,-0.341862699,-0.355978385,-0.318881047,-0.206036051,-0.366510432,-0.35549642,0
39,93,612730,28978,22538,150039,154078,14199,10682,281673,109885,0,-0.226096612,-0.286446813,-0.23263601,-0.23891901,-0.225772782,-0.29825948,-0.220972319,-0.174193617,0
40,17,273064,12912,8710,63793,65701,6701,4514,115299,33038,0,-0.45897379,-0.50131539,-0.468723549,-0.472659552,-0.447540817,-0.493399828,-0.483494767,-0.478146156,0
10,1,349654,16517,16131,82691,88889,8093,8044,157748,67719,0,-0.406719201,-0.386003001,-0.41699266,-0.411331654,-0.40636969,-0.381719311,-0.416514257,-0.340972577,0
29,189,1997162,94251,74604,473891,526598,46398,36935,919419,275442,0,0.720037588,0.522589009,0.653867962,0.746326323,0.726575703,0.532320861,0.785330593,0.480633124,0
4,13,8485994,400230,334826,2022006,2066454,195836,162936,3515248,1336950,0,5.155212871,4.566089943,4.891637368,4.818955814,5.146497218,4.518682554,4.881303415,4.679210192,0
9,3,1784778,84167,68667,434693,461308,40534,32875,842933,319259,0,0.573869689,0.430335991,0.546568385,0.573646554,0.553136418,0.403872448,0.664642914,0.653942276,0
36,109,209742,9888,23878,50976,53499,4998,11885,97638,27097,0,-0.502806766,-0.265625009,-0.503808469,-0.504931547,-0.497910377,-0.260199519,-0.511362156,-0.501644562,0
37,51,654254,30816,36213,159762,166456,15111,15919,289417,111197,0,-0.199454744,-0.07395565,-0.206020525,-0.206181528,-0.198798596,-0.132573683,-0.208753019,-0.16900427,0
55,133,796848,37517,24954,194594,200856,17451,12269,379623,96975,0,-0.102323537,-0.248905412,-0.110672322,-0.115199998,-0.129588513,-0.248050704,-0.066416477,-0.225256473,0
37,1,319376,15033,12889,74261,82098,7766,6829,134055,56058,0,-0.428229828,-0.436379334,-0.440068721,-0.429292571,-0.416041356,-0.420158922,-0.453899571,-0.38709527,0
17,19,416838,19614,41518,103158,103316,9633,19479,193195,51385,0,-0.361828088,0.008476936,-0.36096683,-0.373174952,-0.360821174,-0.01994404,-0.360582241,-0.405578362,0
37,81,1042660,49060,47015,242471,269192,23812,24989,445131,161630,0,0.064992613,0.093892945,0.020384923,0.065535868,0.058550519,0.154378806,0.036948956,0.030473112,0
48,381,265002,12469,10940,63254,65371,5678,5610,112471,32759,0,-0.465395089,-0.46666418,-0.470198994,-0.47353234,-0.477798045,-0.458725084,-0.487957083,-0.479249683,0
37,67,743022,34934,30386,172793,191729,17336,16132,317516,118133,0,-0.139764203,-0.164499416,-0.170349807,-0.139339197,-0.132989864,-0.125834887,-0.164415453,-0.141570345,0
22,17,497702,23396,20039,120417,132909,11318,10220,218375,105754,0,-0.307007878,-0.325277921,-0.313722496,-0.294907033,-0.310983999,-0.312876024,-0.320850581,-0.19053294,0
9,9,1713750,80511,74028,415543,445198,39348,37092,799492,312559,0,0.520875853,0.513638742,0.494147677,0.531038634,0.518058146,0.537287954,0.596097122,0.627441801,0
34,13,1593828,74854,63452,380846,411673,37076,31382,675157,270620,0,0.438877459,0.349301884,0.399169019,0.442371314,0.450859296,0.3566376,0.399908243,0.461560692,0
6,59,6345064,297968,266720,1547426,1585311,146960,130660,2749236,931342,0,3.672921946,3.50781403,3.592534521,3.546423077,3.700893798,3.497549309,3.672608877,3.07491098,0
53,11,934036,43860,32005,222965,228017,21619,15771,408604,149227,0,-0.010381551,-0.139342327,-0.03301029,-0.043364262,-0.006311751,-0.137256039,-0.020687198,-0.018584409,0
31,153,358046,16809,12494,86408,86050,8139,5798,164343,33765,0,-0.402486652,-0.442517104,-0.406817841,-0.418840275,-0.40500915,-0.452777226,-0.40610797,-0.475270657,0
6,87,549346,25728,34387,134649,136579,12668,17201,244794,87072,0,-0.273205465,-0.102329241,-0.274764193,-0.285200574,-0.271055106,-0.092014356,-0.279163896,-0.264425757,0
13,59,249414,11681,28687,57715,64205,6665,15005,102754,30615,0,-0.476817174,-0.190899598,-0.485361307,-0.476616191,-0.448605587,-0.161490394,-0.503289591,-0.487729835,0
19,113,443322,20749,18017,107874,109933,10305,8717,205541,65340,0,-0.345376227,-0.35669709,-0.348057376,-0.355674232,-0.340945458,-0.360427247,-0.34110142,-0.350382224,0
51,650,270820,12670,14467,65998,70849,6444,6867,120716,43211,0,-0.462481588,-0.41185933,-0.46268764,-0.459044061,-0.455142095,-0.418956696,-0.474947253,-0.437908942,0
18,81,303964,14214,11015,72187,75197,6663,5784,132703,36977,0,-0.440101259,-0.465498781,-0.445746034,-0.447544418,-0.448664741,-0.453220152,-0.4560329,-0.46256625,0
31,55,1109990,51904,43449,267554,275523,25893,21587,485492,141831,0,0.106216483,0.038482087,0.089046469,0.082280173,0.12010017,0.046747895,0.100634799,-0.047837769,0
42,43,547414,25592,18815,131474,139629,11888,9177,249196,91053,0,-0.275176789,-0.34429724,-0.283455355,-0.277133897,-0.294125133,-0.345873978,-0.272217956,-0.248679728,0
47,149,616502,28815,33501,143613,146868,14383,16239,258249,71361,0,-0.228459302,-0.116096493,-0.250226374,-0.257988104,-0.220330622,-0.12244967,-0.257933177,-0.326567394,0
41,47,672632,31400,27037,161463,164958,15543,13099,288107,131809,0,-0.190989645,-0.216538385,-0.201364252,-0.210143456,-0.18602135,-0.221791546,-0.210820075,-0.087477734,0
6,61,761062,35518,24041,181082,189483,17013,11496,341767,108052,0,-0.131299105,-0.263092208,-0.147659716,-0.145279444,-0.142543221,-0.272506523,-0.126149667,-0.181443672,0
13,21,305520,14248,13851,72957,81776,7280,7479,129272,61812,0,-0.439608428,-0.421431144,-0.443638256,-0.430144201,-0.430415758,-0.399594521,-0.461446693,-0.364336504,0
51,87,653002,30409,21786,151654,170253,15477,10898,290515,81673,0,-0.205354222,-0.298131884,-0.228215152,-0.196139177,-0.187973429,-0.291425772,-0.207020479,-0.285780394,0
34,5,898568,41834,33784,221634,228298,19740,14924,418997,119902,0,-0.039748485,-0.111699053,-0.036653735,-0.04262107,-0.061886855,-0.164053035,-0.004288026,-0.134573429,0
34,39,1111260,51720,41447,268019,282275,24693,20386,470382,159316,0,0.103549397,0.007373691,0.090319348,0.100137943,0.08460782,0.008751209,0.076792647,0.02132056,0
37,71,433930,20176,14875,102365,109465,9857,7361,182930,78101,0,-0.35368188,-0.405519557,-0.363137568,-0.356912004,-0.354195936,-0.403327751,-0.376779441,-0.299908707,0
55,79,1902896,88454,85961,462585,493026,44101,43488,861204,371746,0,0.636009889,0.69906156,0.622919214,0.657534698,0.658637429,0.739641661,0.693472825,0.861543834,0
37,35,312918,14544,10908,75866,79150,7216,5352,134759,56184,0,-0.435317898,-0.467161417,-0.435675236,-0.437089477,-0.432308683,-0.466887569,-0.452788726,-0.386596903,0
39,23,269572,12523,10419,66016,70227,6538,5226,124652,59276,0,-0.464612357,-0.474759821,-0.462638367,-0.460689134,-0.452361861,-0.470873899,-0.468736617,-0.374367131,0
55,87,369052,17141,13497,90706,91162,8441,6520,172204,47102,0,-0.397674301,-0.426931829,-0.395052609,-0.405319996,-0.396076909,-0.429934922,-0.393704055,-0.42251889,0
36,55,1495454,69446,69250,362906,386568,33747,34109,709095,270691,0,0.360488328,0.439395029,0.350060534,0.375973311,0.352397601,0.442913172,0.4534592,0.461841518,0
36,59,2723000,126400,103069,658425,697865,61757,50675,1265533,357824,0,1.18603836,0.964896939,1.159006495,1.199295325,1.180848207,0.967020662,1.331465773,0.80647822,0
13,77,281052,13039,9171,66240,69389,6431,4722,120804,34608,0,-0.457132921,-0.494152068,-0.462025196,-0.462905486,-0.455526595,-0.486819219,-0.474808397,-0.471936343,0
29,71,205676,9541,6764,50758,51233,4080,3340,92694,30029,0,-0.507836542,-0.53155362,-0.504405216,-0.510924691,-0.525062025,-0.5305423,-0.51916332,-0.490047638,0
26,77,523308,24270,36250,126486,132185,11860,18188,238292,85785,0,-0.294339221,-0.07338072,-0.297109375,-0.296821877,-0.294953288,-0.060788104,-0.289423437,-0.269516221,0
9,7,326658,15145,12081,80477,84187,7338,5897,156305,46986,0,-0.426606384,-0.44893457,-0.423053205,-0.423767559,-0.428700294,-0.44964511,-0.418791174,-0.422977704,0
45,83,602926,27873,24452,142382,152070,13988,12677,250982,105087,0,-0.242113622,-0.256705819,-0.253596081,-0.244229792,-0.23201352,-0.235142588,-0.269399817,-0.193171121,0
26,125,2487940,114981,85256,600993,633752,55745,41482,1148859,334437,0,1.020519593,0.688106805,1.001793644,1.029728499,1.003031533,0.676176756,1.147365228,0.71397574,0
48,245,509358,23537,22191,129981,123575,11336,10436,191716,81818,0,-0.304964079,-0.291838727,-0.287542254,-0.319593708,-0.310451614,-0.306042315,-0.362915963,-0.285206876,0
34,7,1020300,47122,39230,247458,263569,22930,19426,460102,174375,0,0.036901242,-0.027075516,0.034036206,0.050664091,0.032463642,-0.021620829,0.060571779,0.080883345,0
23,1,214638,9902,7864,52487,54786,4710,4182,98637,41204,0,-0.502603835,-0.514461095,-0.499672297,-0.501527674,-0.506428541,-0.503903491,-0.509785828,-0.445847219,0
47,189,265562,12243,8234,61616,64075,5990,3927,115831,36155,0,-0.468670966,-0.508711791,-0.474682812,-0.476960017,-0.468570034,-0.511971064,-0.482655321,-0.465817502,0
55,73,271206,12502,8974,68250,67262,6001,4261,126229,42631,0,-0.464916753,-0.497213184,-0.456523074,-0.468531001,-0.468244687,-0.501404125,-0.46624826,-0.440203013,0
39,61,1618198,74582,66147,388424,417660,36360,33117,738864,274421,0,0.434934811,0.39117857,0.419912838,0.458205803,0.429682194,0.411528732,0.500431868,0.476594768,0
17,167,394998,18198,14218,95273,103427,8596,7370,185350,71084,0,-0.382353053,-0.415728456,-0.382551023,-0.372881378,-0.39149248,-0.403043013,-0.372960909,-0.32766301,0
40,27,557310,25674,35464,136174,135940,13040,17124,240090,70117,0,-0.273988196,-0.085594106,-0.270589698,-0.286890608,-0.260052477,-0.094450447,-0.286586363,-0.33148778,0
1,55,205128,9447,7593,49695,53673,4626,3731,91123,40856,0,-0.509199075,-0.518672072,-0.507315045,-0.50447135,-0.508913005,-0.518172022,-0.52164221,-0.447223661,0
18,95,258592,11908,9871,65274,64893,5768,4722,110533,50315,0,-0.473526802,-0.483275007,-0.464669499,-0.47479656,-0.475136119,-0.486819219,-0.491015064,-0.409810528,0
6,67,3028920,139390,121549,722792,756753,68682,59669,1319187,549168,0,1.37432882,1.252051358,1.335203033,1.355043009,1.385668645,1.251568698,1.416126714,1.563300147,0
17,179,268770,12362,8548,67218,68303,6203,4054,126476,43885,0,-0.466946057,-0.503832653,-0.459348044,-0.465777752,-0.462270142,-0.507953096,-0.465858517,-0.435243073,0
47,165,360126,16559,11626,84456,88324,7827,5628,155809,52216,0,-0.40611041,-0.45600466,-0.412161195,-0.412825972,-0.414237161,-0.458155608,-0.419573815,-0.402291512,0
29,19,353188,16234,31456,83904,88937,7908,16668,158802,37261,0,-0.410821295,-0.147873051,-0.413672225,-0.411204703,-0.411841428,-0.108877165,-0.414851144,-0.461442946,0
17,113,344836,15837,26662,84735,88669,7593,13821,164248,42706,0,-0.416575822,-0.222365383,-0.411397468,-0.411913512,-0.42115817,-0.198949242,-0.406257871,-0.439906366,0
39,57,329530,15134,18489,80472,84128,7662,9544,154277,51142,0,-0.42676583,-0.349362843,-0.423066892,-0.423923603,-0.419117359,-0.334263001,-0.421991167,-0.406539499,0
29,183,781836,35902,28145,186693,193058,18043,13731,355337,77454,0,-0.125733013,-0.199321551,-0.132300312,-0.135824242,-0.112078954,-0.20179662,-0.104737489,-0.302467782,0
6,37,20275830,930604,906475,4955493,5102007,456357,445271,8467208,3545070,0,12.84300078,13.44874885,12.92168776,12.84742255,12.85191601,13.45106744,12.69502827,13.41297574,0
19,163,344948,15831,12256,84250,86852,7699,6034,160457,56952,0,-0.416662793,-0.446215305,-0.412725094,-0.416719136,-0.418023012,-0.445310767,-0.412239711,-0.383559236,0
36,63,423516,19434,16674,103764,109638,9358,8006,202237,82968,0,-0.364437194,-0.377565509,-0.359307982,-0.356454451,-0.368954838,-0.382921538,-0.34631482,-0.280658287,0
45,7,393138,18030,13683,92895,99509,9012,6781,167186,69458,0,-0.384788218,-0.424041638,-0.389060498,-0.383243751,-0.379188466,-0.421677524,-0.401621985,-0.33409432,0
37,159,279866,12824,10591,68447,70172,6129,5225,119728,56029,0,-0.460249353,-0.472087172,-0.455983812,-0.460834598,-0.464458837,-0.470905537,-0.476506223,-0.387209973,0
12,117,910958,41736,35212,213827,229108,19703,17516,382297,121288,0,-0.041168998,-0.089509848,-0.058024412,-0.040478772,-0.062981203,-0.082048531,-0.062197158,-0.12909139,0
55,127,205918,9426,10934,51580,51302,4610,5275,93815,32396,0,-0.50950347,-0.466757412,-0.502155095,-0.510742199,-0.509386237,-0.46932366,-0.517394488,-0.480685455,0
42,91,1643450,75204,54099,395781,419409,37476,26760,771552,212012,0,0.44395072,0.203968806,0.440051696,0.462831579,0.462690079,0.21040889,0.552010443,0.229748775,0
13,185,229256,10490,17962,55702,58039,5348,9159,93045,34311,0,-0.494080757,-0.357551716,-0.49087164,-0.492924101,-0.487558441,-0.346443454,-0.518609475,-0.473111066,0
36,89,220076,10067,13851,56753,54745,5182,6450,99624,43850,0,-0.500212155,-0.421431144,-0.487994661,-0.501636112,-0.492468216,-0.43214955,-0.508228435,-0.435381509,0
42,71,1077000,49219,42700,260091,272568,24666,20928,468329,166643,0,0.067297323,0.026843631,0.068617449,0.074464753,0.083809242,0.025898756,0.073553207,0.050301005,0
22,33,894074,40813,57300,213105,231895,21089,29383,392021,136729,0,-0.054547913,0.253708053,-0.060000796,-0.033107682,-0.021987538,0.293394158,-0.046853605,-0.068017683,0
36,13,259008,11820,11867,65163,66474,5755,5695,121155,57521,0,-0.474802365,-0.452259843,-0.464973347,-0.470615113,-0.475520619,-0.456035893,-0.474254552,-0.381308674,0
18,35,231206,10551,20395,56107,60435,5071,10716,102862,39152,0,-0.49319656,-0.319746159,-0.489763004,-0.486587132,-0.495751259,-0.297183804,-0.503119177,-0.453963484,0
36,83,320140,14582,14359,79395,80541,6783,6371,151353,52374,0,-0.434767087,-0.413537505,-0.426015044,-0.433410544,-0.445115506,-0.434648916,-0.426604962,-0.401666576,0
42,49,552414,25133,25219,138022,141203,11763,12564,259300,107571,0,-0.281830008,-0.244787668,-0.265531031,-0.272970963,-0.297822253,-0.23871763,-0.256274799,-0.183346169,0
48,441,273070,12414,17655,66454,68857,6293,8450,114453,43642,0,-0.466192316,-0.362322085,-0.461439398,-0.464312526,-0.459608216,-0.36887447,-0.484829675,-0.43620421,0
10,3,1113974,50623,47616,267068,284739,24826,23614,511309,171346,0,0.087648348,0.103231679,0.087716105,0.106654759,0.088541555,0.110877189,0.141371585,0.068902757,0
37,57,329852,14987,10982,80060,83955,7502,5324,143361,61773,0,-0.428896599,-0.466011556,-0.42419469,-0.424381156,-0.423849673,-0.46777342,-0.439215583,-0.36449076,0
37,151,286832,13029,9712,70449,72144,6145,4717,120522,51830,0,-0.457277871,-0.485745653,-0.450503589,-0.455619029,-0.463985605,-0.486977407,-0.475253366,-0.403818256,0
26,75,316920,14392,12347,81703,77808,6971,5979,141886,62418,0,-0.437521143,-0.444801287,-0.419697185,-0.440638815,-0.439555038,-0.447050831,-0.441542994,-0.361939595,0
34,3,1878302,85296,61842,449941,480226,42591,30191,835592,224048,0,0.590234579,0.324284643,0.58830786,0.623681105,0.613976222,0.31895729,0.65305951,0.277354703,0
42,19,373694,16962,13932,91895,93983,8532,6640,175222,54203,0,-0.400268912,-0.420172512,-0.391797871,-0.397858982,-0.393385406,-0.426138417,-0.388941936,-0.394432342,0
44,9,252576,11463,16105,60919,65579,5783,8169,120446,36993,0,-0.479977091,-0.386407006,-0.476590761,-0.472982219,-0.474692464,-0.377764619,-0.475373287,-0.462502965,0
6,13,2270254,103008,79420,540778,567231,49814,38287,1015320,333035,0,0.84697058,0.597423191,0.836962682,0.853792966,0.827610593,0.575094815,0.936653307,0.708430417,0
17,163,525518,23827,21147,127870,137686,12140,10666,239570,97889,0,-0.30076052,-0.308061087,-0.29332085,-0.282272767,-0.28667174,-0.298765681,-0.287406874,-0.221641333,0
42,133,887488,40228,31763,217702,223166,19891,15238,407726,141017,0,-0.063027506,-0.143102683,-0.047417088,-0.056194245,-0.057420735,-0.154118847,-0.022072599,-0.051057379,0
36,85,952030,43153,37672,229075,244240,21335,18943,442658,157094,0,-0.020629538,-0.051284747,-0.016284937,-0.000457478,-0.014711607,-0.036901761,0.033046796,0.012531895,0
37,191,248300,11253,10570,60866,63501,5670,4794,106432,48050,0,-0.483021047,-0.472413484,-0.476735842,-0.478478139,-0.478034661,-0.484541317,-0.497486055,-0.418769271,0
41,5,816124,36954,27122,195079,199766,17611,13321,362767,115849,0,-0.11048424,-0.215217599,-0.109344695,-0.118082843,-0.1248562,-0.214768012,-0.093013652,-0.150604239,0
39,153,1080600,48921,41716,262313,279500,23701,20665,497141,184622,0,0.062977804,0.011553591,0.074699893,0.09279859,0.055267477,0.017578083,0.11901582,0.12141325,0
48,209,408940,18510,28321,92600,92933,9014,14340,156059,39454,1,-0.377830603,-0.196586747,-0.389868023,-0.400636034,-0.379129312,-0.182529358,-0.419179339,-0.452768985,1
41,67,1165558,52755,39688,277793,285947,25485,19687,506398,149843,0,0.118551755,-0.01995881,0.117074439,0.109849692,0.108032771,-0.013363431,0.133622491,-0.016147947,0
39,7,196462,8891,6654,49231,49825,4403,3225,86399,40353,0,-0.517258312,-0.533262873,-0.508585186,-0.514648586,-0.515508667,-0.534180617,-0.529096235,-0.449213175,0
26,145,384652,17397,17662,94742,100502,8686,8829,179631,84010,0,-0.393963573,-0.362213314,-0.384004568,-0.380617453,-0.388830554,-0.356883842,-0.381984951,-0.27653687,0
12,73,575644,26006,57560,135365,149383,13916,30125,254160,71740,0,-0.269175846,0.257748105,-0.272804233,-0.251336402,-0.234143061,0.316869212,-0.264385233,-0.325068337,0
9,5,365142,16496,11433,91645,93386,7964,5380,174663,61743,0,-0.407023597,-0.459003621,-0.392482215,-0.399437935,-0.410185118,-0.466001718,-0.389823985,-0.364609419,0
36,1,617692,27886,37838,149100,158415,13876,18995,290239,98516,0,-0.241925186,-0.048705329,-0.235206404,-0.227448461,-0.23532614,-0.035256609,-0.207455981,-0.219161363,0
48,91,269576,12170,7737,61034,63274,6301,3627,106554,37334,0,-0.469729103,-0.516434505,-0.476275963,-0.479078511,-0.4593716,-0.521462326,-0.49729355,-0.46115421,0
18,19,232062,10471,8062,55251,58744,5173,3981,100588,35341,0,-0.494356162,-0.511384441,-0.492106196,-0.491059509,-0.492734409,-0.510262637,-0.506707334,-0.469037112,0
18,91,220030,9918,8251,57543,53533,4956,3515,95175,39285,0,-0.502371915,-0.508447634,-0.485832135,-0.504841624,-0.499152609,-0.52500573,-0.515248537,-0.453437429,0
44,7,1267346,57096,62765,306591,324914,28683,31605,571305,240994,0,0.181474688,0.338626825,0.195905329,0.212910078,0.202619884,0.363692772,0.236039603,0.344381129,0
26,99,1735460,78062,63364,418522,441045,36500,30967,791141,289625,0,0.485377521,0.347934482,0.502302314,0.52005473,0.433822968,0.343508021,0.582920033,0.53673107,0
53,63,998144,44883,43961,240540,245624,21505,21788,439998,187489,0,0.004446866,0.04643788,0.015099054,0.003202941,-0.009683524,0.05310704,0.028849567,0.132753081,0
34,23,1674146,75257,69761,409048,422877,36313,33989,741894,201930,0,0.444718957,0.447335284,0.476368434,0.472003787,0.428292077,0.439116667,0.505212922,0.189871493,0
6,17,371250,16686,11738,91312,91632,8068,5308,168880,61493,0,-0.404269541,-0.45426433,-0.39339376,-0.404076935,-0.407109114,-0.468279621,-0.398949013,-0.365598243,0
24,15,205206,9217,8289,50674,51425,4627,4114,93701,32652,0,-0.512532932,-0.507857165,-0.504635156,-0.510416887,-0.508883428,-0.506054844,-0.517574369,-0.4796729,0
13,245,403294,18110,21181,97523,103921,8722,9902,171197,78683,0,-0.383628616,-0.307532773,-0.376391932,-0.371574841,-0.387765784,-0.322936762,-0.395293006,-0.297606725,0
55,63,236244,10601,16683,56893,60658,4883,9255,110906,34086,0,-0.492471808,-0.377425661,-0.487611428,-0.485997339,-0.501311727,-0.34340625,-0.490426506,-0.474001007,0
2,20,596384,26755,29185,152851,146347,12694,12576,257981,76730,0,-0.258319067,-0.183161346,-0.224938515,-0.259366051,-0.270286105,-0.238337979,-0.258356056,-0.305331416,0
29,95,1383602,62056,52483,330983,352995,29864,27013,591117,207782,0,0.253370044,0.178858333,0.26267535,0.287179041,0.237550272,0.218413187,0.267301066,0.213017878,0
27,123,1081298,48434,48760,258511,273402,23061,25615,493377,189702,0,0.055918724,0.121007905,0.064292398,0.076670526,0.036338224,0.174183906,0.113076584,0.141506148,0
17,143,370012,16561,15586,90706,96408,8395,7932,172759,71367,0,-0.40608142,-0.39447157,-0.395052609,-0.391445313,-0.397437449,-0.385262716,-0.392828317,-0.326543662,0
39,35,2498704,111744,98929,598899,659450,54649,49764,1154207,495199,0,0.973599176,0.900566891,0.996061583,1.097694875,0.970615187,0.938198863,1.155803867,1.349836842,0
36,29,1842092,82281,79871,446952,475338,39800,39274,874321,351733,0,0.546532059,0.604431126,0.58012585,0.610753265,0.531426931,0.606321067,0.714170212,0.782386519,0
1,73,1319042,58832,51553,311825,347416,29342,26231,587848,225754,0,0.206638062,0.16440738,0.210232744,0.272423635,0.2221111,0.193672631,0.262142893,0.284102436,0
1,81,317982,14182,26692,75806,78075,6752,13168,139187,40398,0,-0.4405651,-0.221899223,-0.435839478,-0.43993265,-0.446032392,-0.219608556,-0.44580176,-0.449035186,0
24,31,2087726,93102,69645,494642,532323,45052,34334,931291,250722,0,0.703382796,0.445532799,0.710671205,0.761467871,0.686765117,0.450031619,0.804063487,0.382858236,0
18,157,376118,16770,39877,93699,89571,8261,17328,163449,40176,0,-0.403051958,-0.017022003,-0.386859649,-0.409527892,-0.401400761,-0.087996389,-0.407518618,-0.449913262,0
24,43,300584,13393,11071,76156,73481,6475,4784,137176,61003,0,-0.45200168,-0.464628616,-0.434881397,-0.452082916,-0.454225209,-0.484857692,-0.448974928,-0.367536337,0
17,31,10406998,463398,426903,2535888,2691781,227846,213854,4572620,1764541,0,6.070835028,5.996843052,6.298324479,6.472828112,6.093255658,6.129602822,6.549736495,6.370458649,0
12,113,340994,15143,12080,83381,80261,7914,5037,141656,49147,0,-0.426635374,-0.448950109,-0.415103872,-0.434151091,-0.411663966,-0.476853394,-0.441905912,-0.414430312,0
18,97,1882458,83542,79988,448959,482676,40929,41400,799683,333244,0,0.564810294,0.60624915,0.585619759,0.630160894,0.564819317,0.673582477,0.596398502,0.709257073,0
48,451,236772,10500,12935,57502,58668,5229,5952,96042,35369,0,-0.493935806,-0.435664555,-0.485944368,-0.491260515,-0.491078099,-0.447905045,-0.513880493,-0.468926364,0
21,117,329890,14612,11510,80839,82618,7227,5386,150435,50352,0,-0.434332236,-0.457807144,-0.422062276,-0.427917269,-0.431983336,-0.465811893,-0.42805348,-0.409664182,0
48,375,241664,10691,10547,62802,59175,5259,5179,89491,39657,0,-0.491167255,-0.472770873,-0.471436287,-0.489919595,-0.490190791,-0.472360864,-0.524217352,-0.45196606,0
4,19,2032412,89667,105283,494012,509190,44035,51385,875456,396638,0,0.653592363,0.99929953,0.70894666,0.700285437,0.65668535,0.989483315,0.715961134,0.959999032,0
48,41,440834,19439,53420,106418,103144,9329,24812,177936,42690,0,-0.364364719,0.193418056,-0.352042992,-0.37362986,-0.36981257,0.148778962,-0.384659501,-0.439969651,0
12,57,2752476,121308,108816,644790,678091,59470,54741,1120785,424896,0,1.112229658,1.054197613,1.121682403,1.146996814,1.113205703,1.0956589,1.103067109,1.071767752,0
22,109,226440,9972,9039,55882,57242,4999,4412,93444,37667,0,-0.501589183,-0.496203171,-0.490378913,-0.495032016,-0.4978808,-0.496626857,-0.517979891,-0.459837096,0
28,47,406468,17891,17591,98341,100329,8552,7936,163788,71509,0,-0.386803028,-0.363316559,-0.37415276,-0.381075005,-0.392793866,-0.385136165,-0.406983708,-0.32598201,0
53,53,1722624,75774,71047,412666,420542,37712,33252,753911,270155,1,0.452212888,0.467317999,0.486272253,0.465828151,0.469670242,0.4157998,0.524174612,0.45972148,1
42,75,277726,12209,10273,66903,69973,6094,4880,122653,47468,0,-0.469163797,-0.477028466,-0.460210317,-0.461360916,-0.46549403,-0.481820488,-0.47189085,-0.421071252,0
26,21,308020,13530,11318,75905,79133,6937,5285,139859,61976,0,-0.45001586,-0.460790567,-0.435568478,-0.437134439,-0.440560654,-0.469007284,-0.444741408,-0.363687835,0
9,15,232384,10195,10901,58388,58801,4925,5266,110385,44151,0,-0.498356791,-0.467270188,-0.483519054,-0.490908755,-0.500069495,-0.469608398,-0.491248594,-0.434190965,0
1,3,417126,18258,12683,97155,102449,8928,6091,173940,69795,0,-0.381483351,-0.439580297,-0.377399285,-0.375468004,-0.38167293,-0.443507427,-0.390964811,-0.332761385,0
18,105,290992,12711,34351,71243,71683,6189,16989,127706,34309,0,-0.461887291,-0.102888633,-0.448330115,-0.456838287,-0.462684219,-0.098721515,-0.463917693,-0.473118976,0
6,95,880414,38451,36141,213170,216285,18690,16781,390334,150640,0,-0.088785177,-0.075074434,-0.059822866,-0.074393195,-0.092942662,-0.105302123,-0.049515531,-0.012995577,0
8,69,679986,29688,41743,162119,163157,14672,20251,295824,90444,0,-0.215805139,0.011973134,-0.199568535,-0.214906763,-0.211782881,0.004480141,-0.198643379,-0.251088503,0
37,119,2109670,92078,79196,485703,525597,45384,40538,868359,256097,0,0.688539884,0.593942532,0.686201821,0.743678867,0.696584667,0.646310918,0.704762739,0.404117946,0
32,3,4311328,187886,160038,1035720,1034153,92593,78416,1715025,603213,0,2.077279874,1.850118806,2.191803934,2.088713833,2.092883298,1.844677662,2.040721666,1.777064054,0
39,113,1062478,46280,43385,256154,276340,22244,21697,483027,210438,0,0.024696425,0.037487613,0.057840408,0.084440984,0.012173849,0.050228024,0.096745262,0.223523141,0
17,119,531518,23141,20780,130249,136868,11395,10468,247112,94858,0,-0.310704111,-0.313763775,-0.286808637,-0.284436223,-0.308706574,-0.305029914,-0.275506311,-0.233629832,0
5,119,786500,34214,30988,188024,203642,16673,14980,345480,141339,0,-0.150200626,-0.155145144,-0.128656867,-0.107831552,-0.152599387,-0.162281333,-0.120290904,-0.049783774,0
36,91,454106,19752,16134,111145,113806,10183,7712,215474,64445,0,-0.359827774,-0.385956385,-0.339103426,-0.345430875,-0.344553847,-0.392222974,-0.325428085,-0.353922212,0
53,67,550444,23940,20403,130441,135896,11289,10122,242502,88732,0,-0.299122581,-0.31962185,-0.286283062,-0.28700698,-0.311841731,-0.315976503,-0.282780455,-0.257859968,0
24,33,1816098,78926,80960,431382,465926,38413,39526,780128,262383,0,0.497901228,0.621352726,0.53750494,0.585860295,0.49040369,0.614293727,0.56554256,0.428980929,0
53,61,1575240,68433,56404,379786,378970,34362,26588,689277,205893,0,0.345804861,0.239785415,0.396267403,0.35587803,0.370587431,0.204967233,0.422188269,0.205546326,0
19,103,293094,12692,26420,70437,71494,6733,13287,133508,31520,0,-0.462162697,-0.226125738,-0.450536438,-0.457338157,-0.446594354,-0.215843688,-0.454762686,-0.484150294,0
39,29,207370,8965,6953,52738,52522,4417,3385,93029,42488,0,-0.51618568,-0.528616814,-0.498985216,-0.507515529,-0.51509459,-0.529118611,-0.518634722,-0.44076862,0
12,95,2628734,113636,126138,617941,637796,57068,63202,1031015,354043,0,1.001023776,1.323358265,1.048186655,1.040424118,1.042161849,1.363344127,0.961418534,0.79152325,0
12,33,630374,27243,33396,153802,155583,13171,14943,270846,106426,0,-0.251245492,-0.117728053,-0.222335273,-0.234938568,-0.256177895,-0.163451922,-0.238056302,-0.187874982,0
17,115,213100,9207,8571,52044,56487,4604,4365,99205,46072,0,-0.512677882,-0.503475263,-0.500884954,-0.497028849,-0.509563698,-0.498113821,-0.508889578,-0.426592844,0
6,79,565774,24441,37209,142713,136670,11818,16169,250477,88942,0,-0.29186057,-0.058479146,-0.252690011,-0.284959896,-0.29619552,-0.124664298,-0.270196659,-0.257029356,0
22,55,482796,20855,21987,114914,120226,10367,11239,202969,64755,0,-0.343839754,-0.295008614,-0.328786264,-0.328451183,-0.339111687,-0.28063737,-0.345159793,-0.352696071,0
34,29,1184994,51156,37542,282007,304054,24592,18344,539069,236449,0,0.0953742,-0.053304772,0.128609732,0.157739301,0.081620547,-0.055852648,0.185174241,0.326404314,0
6,89,359262,15482,12973,88029,91134,7262,6110,157292,83676,0,-0.421721559,-0.435074086,-0.402380558,-0.405394051,-0.430948143,-0.442906314,-0.417233782,-0.277857938,0
55,139,339772,14627,18343,85368,84011,7434,9070,158167,52816,0,-0.434114811,-0.351631487,-0.40966471,-0.424233046,-0.425860906,-0.349259195,-0.415853114,-0.399918336,0
40,109,1565940,67388,63576,373897,390624,32644,32285,636497,241572,0,0.330657553,0.351228677,0.380147009,0.386700668,0.319774216,0.385206299,0.338906417,0.346667289,0
12,105,1332298,57325,47826,312304,325438,27645,23557,538333,262480,0,0.18479405,0.106494797,0.211543946,0.214295959,0.171919001,0.109073849,0.184012903,0.429364593,0
21,111,1530704,65836,58143,367263,392759,32580,28555,692689,270326,0,0.308161264,0.266807143,0.361987271,0.392347342,0.317881291,0.267198274,0.427572082,0.460397836,0
51,700,363650,15628,20058,88172,93352,7842,9584,160041,53426,0,-0.419605284,-0.324982687,-0.401989114,-0.399527858,-0.413793507,-0.332997499,-0.412896119,-0.397505606,0
47,9,257340,11029,8889,61475,64640,5483,4494,112777,45971,0,-0.486267935,-0.49853397,-0.475068782,-0.475465698,-0.483565552,-0.494032579,-0.487474244,-0.426992328,0
6,85,3838804,164496,141590,949162,934872,80704,67207,1740147,491430,0,1.738241084,1.563461624,1.954862335,1.826134262,1.741242839,1.490052475,2.080361808,1.334929336,0
51,810,905204,38723,40508,221321,228481,18391,19218,409148,100634,0,-0.084842529,-0.007217109,-0.037510533,-0.042137069,-0.101786172,-0.028201438,-0.019828817,-0.210784049,0
23,19,303612,12980,14968,75534,77380,6489,6962,137653,60321,0,-0.457988128,-0.404074461,-0.436584044,-0.441770794,-0.453811132,-0.41595113,-0.448222267,-0.370233848,0
23,11,241138,10301,9154,59032,61929,5140,4406,111183,47332,0,-0.496820318,-0.494416225,-0.481756186,-0.482635783,-0.493710449,-0.496816682,-0.489989426,-0.421609172,0
12,1,526992,22478,48703,124312,132231,11491,24995,223842,67876,0,-0.320314317,0.120122201,-0.303060426,-0.296700216,-0.305867186,0.154568632,-0.312224171,-0.340351596,0
42,101,3135744,133582,155741,738465,822340,66024,79542,1374843,661372,0,1.290141677,1.783349188,1.378105892,1.528508288,1.307053089,1.880301533,1.503946622,2.007100044,0
48,485,263676,11222,16307,69125,63465,4974,6343,106534,42296,0,-0.483470393,-0.383268197,-0.454127872,-0.478573352,-0.498620224,-0.435534767,-0.497325108,-0.441528037,0
24,5,1662052,70681,66988,390268,434919,34599,34024,764552,254593,0,0.378389692,0.404246582,0.424960555,0.503852612,0.37759717,0.440223981,0.540965104,0.398169182,0
6,73,6635498,282093,317329,1633500,1618824,137325,142282,2854348,964496,0,3.442813319,4.294210026,3.828151231,3.635058658,3.415919803,3.8652408,3.838465679,3.206044824,0
31,109,619274,26256,40005,150590,151272,12860,19897,272891,74796,0,-0.265552088,-0.015033055,-0.231127717,-0.246340352,-0.265376329,-0.006719548,-0.234829485,-0.312980956,0
39,49,2529036,107161,111463,601343,629954,53687,55663,1103039,370542,0,0.907168446,1.095328443,1.002751725,1.019683503,0.942162153,1.124828712,1.075065599,0.856781659,0
18,167,215862,9145,14747,54878,53376,4700,7141,93329,38799,0,-0.513576574,-0.407508505,-0.493127236,-0.505256859,-0.50672431,-0.41028801,-0.51816135,-0.455359703,0
12,11,3819264,161654,133552,906474,957305,79245,65305,1525397,566159,0,1.697046205,1.438561883,1.838009323,1.885465327,1.698090057,1.429877874,1.741506604,1.630504561,0
17,161,289568,12252,11637,72499,74136,5847,5668,133611,58045,0,-0.468540511,-0.455833735,-0.444891973,-0.450350564,-0.472799539,-0.456890106,-0.454600161,-0.379236099,0
42,51,265466,11230,8855,66028,68020,5336,4401,121414,57831,0,-0.483354433,-0.499062284,-0.462605519,-0.466526234,-0.487913365,-0.49697487,-0.473845875,-0.380082532,0
6,7,453728,19141,29880,110945,112889,9684,14492,199410,98359,1,-0.368684238,-0.172361978,-0.339650901,-0.347856168,-0.35931275,-0.177720452,-0.350775558,-0.219782345,1
13,51,578164,24355,29210,136669,146159,11828,14770,234912,85186,0,-0.293107143,-0.182772879,-0.269234698,-0.259863276,-0.295899751,-0.168925216,-0.294756758,-0.271885443,0
20,45,238880,10054,24996,57562,58644,5361,11862,103773,23286,0,-0.50040059,-0.248252789,-0.485780125,-0.49132399,-0.487173941,-0.260927183,-0.501681705,-0.516718191,0
53,73,433600,18249,27030,103967,105848,8949,13827,188538,70327,0,-0.381613806,-0.216647156,-0.358752295,-0.366478289,-0.381051814,-0.198759417,-0.367930547,-0.330657168,0
39,139,242214,10191,9337,61502,60249,5110,4254,105187,49733,0,-0.498414771,-0.491572651,-0.474994873,-0.487079067,-0.494597757,-0.501625588,-0.499450547,-0.412112509,0
27,109,306204,12880,10259,73347,76767,5966,5339,142125,41558,0,-0.459437631,-0.477246007,-0.44257068,-0.443392064,-0.469279881,-0.467298857,-0.441165874,-0.444447044,0
32,31,907232,38050,37256,220949,219103,18070,18450,378254,133548,0,-0.094597685,-0.057748829,-0.038528836,-0.066940116,-0.111280376,-0.052499069,-0.068576629,-0.080599476,0
24,3,1136692,47555,43479,276700,282748,23247,19863,523630,141994,0,0.043177591,0.038948247,0.11408249,0.101388939,0.041839538,-0.007795224,0.160812959,-0.047193056,0
9,11,539602,22568,25141,136378,136034,11295,10588,258220,95584,0,-0.319009765,-0.245999683,-0.270031274,-0.286641996,-0.311664269,-0.301233409,-0.257978937,-0.230758288,0
6,23,273292,11409,14884,67274,67627,5551,7361,116241,59331,0,-0.480759823,-0.405379709,-0.459194751,-0.467565645,-0.481554319,-0.403327751,-0.48200838,-0.37414959,0
41,39,739038,30804,41281,177108,182928,15949,20001,321622,144547,0,-0.199628684,0.004794274,-0.15853804,-0.162616186,-0.174013105,-0.003429244,-0.157936573,-0.037095189,0
25,3,253806,10549,11052,62135,66711,5084,5660,124758,58875,0,-0.49322555,-0.46492385,-0.473262115,-0.469988292,-0.495366758,-0.457143207,-0.468569359,-0.375953204,0
21,67,636898,26355,39074,152681,158688,13919,19374,278611,87636,0,-0.26411708,-0.029499547,-0.225403869,-0.226726427,-0.234054331,-0.023265982,-0.225803866,-0.262194971,0
19,13,265808,10994,17864,64717,67865,5701,9203,123666,43433,0,-0.486775261,-0.359074505,-0.466194216,-0.466936179,-0.477117775,-0.345051402,-0.470292431,-0.437030867,0
5,125,237406,9812,7085,57026,58590,5196,3467,106484,41561,0,-0.503908388,-0.526565711,-0.487247358,-0.49146681,-0.492054139,-0.526524332,-0.497404004,-0.444435178,0
55,25,1062546,43837,60444,256135,260599,21285,29998,485433,120300,0,-0.010714937,0.302561597,0.057788398,0.042809,-0.016190455,0.312851245,0.100541703,-0.132999222,0
6,41,521302,21455,13554,126860,132429,10451,6325,243418,80507,0,-0.335142735,-0.426046125,-0.296085597,-0.296176543,-0.336627222,-0.436104243,-0.281335094,-0.290392267,0
38,17,350498,14419,23879,84331,82674,7553,11651,153362,37771,0,-0.437129777,-0.265609471,-0.412503367,-0.42776916,-0.422341248,-0.267602704,-0.42343495,-0.459425746,0
6,97,1006140,41370,38101,244242,253363,19669,18724,448394,167901,0,-0.04647418,-0.044618662,0.025232812,0.023671141,-0.063986819,-0.043830383,0.042097661,0.055276766,0
36,47,5258300,216038,214605,1234643,1372234,107388,109535,2322853,1152968,0,2.485344005,2.698016814,2.736330538,2.982874489,2.530474398,2.829206273,2.999816802,3.951507145,0
12,111,613014,25109,19060,143070,150442,11640,9544,242497,126481,0,-0.282177889,-0.340490269,-0.251712768,-0.248535546,-0.301460219,-0.334263001,-0.282788345,-0.108551544,0
27,53,2464966,100572,92769,596833,613134,49734,45631,1127709,348873,0,0.811660683,0.804848751,0.990406169,0.975197767,0.825244436,0.807440909,1.113992527,0.771074376,0
53,35,529622,21607,23544,131054,126457,10518,9524,237334,83932,0,-0.33293949,-0.270814922,-0.284605052,-0.31197136,-0.334645566,-0.334895752,-0.290935071,-0.276845383,0
18,163,363442,14818,16835,87625,94046,7246,9125,162752,61040,0,-0.43134626,-0.375063785,-0.403486457,-0.397692359,-0.431421374,-0.34751913,-0.408618418,-0.367389991,0
12,31,1852510,75500,76485,436020,464616,36237,38036,776012,296763,0,0.44824125,0.551817227,0.55020088,0.582395591,0.426044228,0.567153792,0.559047901,0.564963964,0
41,29,433054,17584,14514,102976,107799,8237,7432,186152,95887,0,-0.391253002,-0.411129013,-0.361465032,-0.361318261,-0.402110608,-0.401081486,-0.371695429,-0.229559833,0
47,65,715476,28946,29219,169458,182080,14237,15272,314091,116536,0,-0.226560453,-0.182633031,-0.179478949,-0.164858987,-0.224648858,-0.153043171,-0.169819779,-0.147886951,0
42,21,269464,10871,11074,67875,69983,5377,5210,127609,56519,0,-0.48855815,-0.464582,-0.457549589,-0.461334468,-0.48670071,-0.4713801,-0.46407075,-0.385271879,0
15,1,396898,15997,13394,96279,97220,7456,6670,181183,85171,0,-0.414256617,-0.428532311,-0.379797225,-0.389297726,-0.425210213,-0.425189291,-0.379536042,-0.271944772,0
12,101,1024736,41266,29225,237556,250849,19750,14566,420552,195536,0,-0.047981663,-0.182539799,0.006930731,0.017022083,-0.061591086,-0.175379274,-0.001834383,0.164581338,0
35,49,297302,11952,9213,71723,75592,6181,4501,125549,58375,0,-0.47288902,-0.493499444,-0.447016175,-0.446499718,-0.462920835,-0.493811116,-0.467321235,-0.377930852,0
42,3,2450730,97545,98206,592651,636746,47586,49214,1152109,392667,0,0.767784222,0.88933244,0.978958472,1.037647066,0.761713129,0.920798216,1.152493421,0.944292556,0
6,1,3295408,131112,127174,786870,819060,65411,62910,1471713,467894,0,1.254338949,1.339456315,1.51060847,1.519833305,1.288922414,1.354105965,1.656798326,1.241837518,0
37,63,612424,24301,26060,141028,153650,12114,13417,252653,82785,0,-0.293889875,-0.231719655,-0.257302485,-0.24005099,-0.28744074,-0.211730808,-0.266763136,-0.281382106,0
15,3,1985210,78679,89196,497028,490025,38388,38448,942433,292302,0,0.494320955,0.749329122,0.717202579,0.649597617,0.489664266,0.580188459,0.82164451,0.547319394,0
42,129,710916,28148,24334,174991,184184,13527,11475,338465,130741,0,-0.238127488,-0.258539381,-0.16433306,-0.159294303,-0.245648498,-0.273170911,-0.131359911,-0.091701989,0
44,3,329228,12940,10489,79619,85336,6093,5162,156344,53701,0,-0.458567929,-0.473672115,-0.425401872,-0.42072867,-0.465523607,-0.472898702,-0.418729636,-0.3964179,0
12,99,2887620,113459,93143,676537,722490,54722,45616,1174877,511753,0,0.998458155,0.810660209,1.208585809,1.264423818,0.972774305,0.806966346,1.188419173,1.415312792,0
37,49,206890,8123,11703,52761,51432,4248,4367,91813,37981,0,-0.528390496,-0.454808183,-0.498922257,-0.510398374,-0.520093096,-0.498050546,-0.520553455,-0.458595134,0
48,453,2398646,94144,101992,578229,570150,46626,50565,960242,249408,0,0.718486619,0.948161803,0.939480067,0.861513172,0.733319249,0.963540532,0.849745429,0.377660979,0
37,21,512176,20062,16811,120206,129776,9589,8458,217236,87189,0,-0.355334314,-0.375436713,-0.314300082,-0.303193229,-0.362122561,-0.368621369,-0.322647815,-0.263962988,0
41,17,362614,14127,10271,84491,86319,6982,4960,149656,64077,0,-0.441362327,-0.477059543,-0.412065387,-0.41812882,-0.439229691,-0.479289485,-0.429282668,-0.355377761,0
42,107,287146,11153,9322,74257,71345,5225,3991,129206,54465,0,-0.484470551,-0.49180573,-0.44007967,-0.457732234,-0.491196407,-0.509946261,-0.461550835,-0.393396054,0
12,9,1158260,44885,36681,273471,287122,21619,17081,484255,220561,0,0.004475856,-0.066683558,0.10524351,0.112957346,-0.006311751,-0.095810861,0.09868293,0.26356259,0
12,91,402340,15551,17311,99214,96641,7240,7306,169665,58825,0,-0.420721402,-0.367667383,-0.371763033,-0.390829072,-0.431598836,-0.405067816,-0.397710357,-0.376150969,0
24,510,1229328,47122,60275,292691,328544,23238,31886,564350,277761,0,0.036901242,0.299935564,0.157855834,0.222510745,0.041573345,0.37258292,0.22506527,0.489805452,0
6,81,1529594,58506,48902,371511,383100,28267,23432,699677,205270,0,0.201912682,0.123214395,0.373615635,0.366801104,0.190315869,0.105119156,0.438598486,0.203082177,0
47,37,1368820,52089,59864,321478,345678,26487,30792,570949,198370,0,0.108898064,0.293549175,0.236656613,0.267826952,0.137668883,0.337971452,0.235477868,0.175790643,0
12,53,365670,13868,10008,85052,91713,6811,5027,151778,84135,0,-0.44511654,-0.48114621,-0.41052972,-0.403862705,-0.444287351,-0.47716977,-0.425934352,-0.276042458,0
41,19,216914,8178,6746,53252,54171,3884,3131,96654,55638,0,-0.52759327,-0.531833316,-0.497578206,-0.503154234,-0.530859108,-0.537154546,-0.512914815,-0.388756494,0
53,33,4299940,160474,154695,1037942,1041203,79186,75395,1907930,530411,0,1.679942067,1.767095751,2.197886379,2.107359757,1.696345016,1.749100654,2.345107524,1.489110682,0
36,81,4666108,173472,182768,1120386,1190330,83986,90927,1988047,893050,0,1.868348488,2.203312526,2.423566423,2.501772623,1.838314417,2.240494927,2.471524578,2.923454832,0
29,510,622808,22843,29384,152545,162915,10930,15261,267882,114105,0,-0.315023631,-0.180069153,-0.225776152,-0.215546807,-0.322459859,-0.153391184,-0.242733214,-0.157502273,0
4,25,451124,16541,12476,107164,111422,7943,5821,189709,105212,1,-0.40637132,-0.4427968,-0.350000911,-0.351736107,-0.410806234,-0.452049563,-0.366082819,-0.192676709,1
12,71,1444672,52394,41974,333525,347555,26030,20583,566004,285109,0,0.113319049,0.015562565,0.269633755,0.272791264,0.124152213,0.014983804,0.227675126,0.518868958,0
22,71,782990,28296,34001,182687,199848,14176,17809,327329,147637,0,-0.235982223,-0.108327164,-0.143266231,-0.117865969,-0.226453052,-0.072778732,-0.148931466,-0.024873328,0
12,83,698040,25181,20915,164345,176060,11749,10042,283750,161430,0,-0.281134247,-0.311666056,-0.193475141,-0.180780755,-0.29823633,-0.318507506,-0.21769501,0.029682053,0
12,81,751776,27118,21265,170687,182646,13048,10323,299080,144773,0,-0.253057371,-0.306227525,-0.176114717,-0.163362023,-0.259815861,-0.309617357,-0.193505718,-0.036201292,0
45,51,644684,23155,20883,145376,154934,11193,10491,250060,121206,0,-0.310501181,-0.312163293,-0.245400384,-0.236655051,-0.314681119,-0.30430225,-0.270854645,-0.129415724,0
10,5,440502,15811,12897,102479,108829,7864,6171,191512,97948,0,-0.416952693,-0.436255024,-0.362825507,-0.358594104,-0.413142814,-0.440976424,-0.363237856,-0.221407971,0
12,85,317402,11361,8233,75563,77504,5357,3919,130852,63635,0,-0.481455584,-0.50872733,-0.43650466,-0.441442837,-0.487292249,-0.512224164,-0.458953603,-0.357126001,0
12,21,730272,26014,20098,170781,177251,12875,9079,281223,145597,0,-0.269059886,-0.324361141,-0.175857403,-0.177630784,-0.264932675,-0.348974457,-0.221682377,-0.032942129,0
51,760,446340,15739,25687,102882,113943,8492,13419,183358,73144,0,-0.417996336,-0.237515575,-0.361722346,-0.345068536,-0.394568484,-0.211667533,-0.376104097,-0.319515103,0
25,25,1568460,55062,100296,371429,396622,27494,52277,731960,300437,0,0.151991793,0.921808237,0.37339117,0.40256425,0.16745288,1.017704001,0.489538009,0.579495717,0
34,17,1355966,47488,53267,331956,336591,23013,25549,549486,209713,0,0.042206424,0.191040641,0.265338815,0.243793546,0.03491853,0.172095829,0.201611283,0.220655552,0
12,103,1921460,66429,57727,450321,489268,32826,28830,807654,363638,0,0.316756818,0.260343061,0.589348062,0.647595495,0.325157223,0.275898598,0.608975987,0.829474303,0
12,61,303126,10309,8944,69933,75446,4673,4500,122206,68846,0,-0.496704357,-0.497679344,-0.451916074,-0.44688586,-0.507522888,-0.493842753,-0.472596174,-0.33651496,0
41,51,1599532,54073,58964,385506,392969,27045,29453,698875,249265,0,0.137656207,0.279564382,0.411925181,0.392902752,0.154172826,0.295608785,0.437333006,0.377095372,0
12,17,287242,9423,6435,67917,72624,4587,3165,122643,80444,0,-0.509546955,-0.536665839,-0.45743462,-0.454349519,-0.510066507,-0.536078869,-0.471906629,-0.290641451,0
37,19,253906,7917,5811,57824,61403,3674,2962,102929,55168,0,-0.531376473,-0.546361962,-0.485062933,-0.484026954,-0.53707027,-0.54250129,-0.503013458,-0.390615482,0
12,115,825138,25151,20088,190016,208229,11979,9889,346711,179754,0,-0.281569098,-0.324516527,-0.123204019,-0.0956998,-0.29143363,-0.32334805,-0.118348502,0.102158875,0
12,15,356930,10406,8023,82823,86705,4695,3815,145716,88815,0,-0.495298339,-0.511990449,-0.416631326,-0.417107923,-0.506872195,-0.515514468,-0.435499616,-0.257531678,0
36,61,3287468,87557,139926,773545,861358,45487,75760,1512081,536665,0,0.623007846,1.537605295,1.474132964,1.631703559,0.699631094,1.760648356,1.720495215,1.513847096,0
51,13,460100,11637,16008,112781,113249,5634,7902,206738,32984,0,-0.477454955,-0.387914256,-0.334625083,-0.346904036,-0.479099431,-0.386211842,-0.339212667,-0.478359742,0
51,510,311620,7328,7998,73215,78193,3577,4295,129549,26905,0,-0.539914047,-0.512378915,-0.442932013,-0.439620562,-0.539939235,-0.500328449,-0.461009614,-0.502403979,0
6,75,1741774,40130,58494,433165,416623,20512,29208,791378,243045,0,-0.064448019,0.272261212,0.542385678,0.455463133,-0.039053444,0.287857588,0.583293997,0.352493438,0
,,,,,,,,,,,,,,,,,,,,